"STATISTIC","Statistic Label","TLIST(A1)","Year","C02199V02655","Sex","C02945V03560","ICD 10 Diagnostic Group","UNIT","VALUE"
"HRA71C01","Psychiatric In-patients (Number)","2001","2001","-","Both sexes","01","Organic category","Number","317"
"HRA71C01","Psychiatric In-patients (Number)","2001","2001","-","Both sexes","02","Organic mental disorders","Number",""
"HRA71C01","Psychiatric In-patients (Number)","2001","2001","-","Both sexes","03","Schizophrenia","Number","1701"
"HRA71C01","Psychiatric In-patients (Number)","2001","2001","-","Both sexes","04","Schizophrenia, schizotypal and delusional disorders","Number",""
"HRA71C01","Psychiatric In-patients (Number)","2001","2001","-","Both sexes","05","Other psychoses","Number","49"
"HRA71C01","Psychiatric In-patients (Number)","2001","2001","-","Both sexes","06","Depressive disorders","Number","752"
"HRA71C01","Psychiatric In-patients (Number)","2001","2001","-","Both sexes","07","Mania","Number","424"
"HRA71C01","Psychiatric In-patients (Number)","2001","2001","-","Both sexes","08","Neuroses","Number","146"
"HRA71C01","Psychiatric In-patients (Number)","2001","2001","-","Both sexes","09","Personality disorders","Number","125"
"HRA71C01","Psychiatric In-patients (Number)","2001","2001","-","Both sexes","10","Personality and behavioural disorders","Number",""
"HRA71C01","Psychiatric In-patients (Number)","2001","2001","-","Both sexes","11","Alcoholic disorders","Number","241"
"HRA71C01","Psychiatric In-patients (Number)","2001","2001","-","Both sexes","12","Drug dependence","Number","56"
"HRA71C01","Psychiatric In-patients (Number)","2001","2001","-","Both sexes","13","Other drug disorders","Number",""
"HRA71C01","Psychiatric In-patients (Number)","2001","2001","-","Both sexes","14","Mental handicap","Number","392"
"HRA71C01","Psychiatric In-patients (Number)","2001","2001","-","Both sexes","15","Eating disorders","Number",""
"HRA71C01","Psychiatric In-patients (Number)","2001","2001","-","Both sexes","16","Intellectual disability","Number",""
"HRA71C01","Psychiatric In-patients (Number)","2001","2001","-","Both sexes","17","Development disorders","Number",""
"HRA71C01","Psychiatric In-patients (Number)","2001","2001","-","Both sexes","18","Behavioural, emotional disorders of childhood and adolescence","Number",""
"HRA71C01","Psychiatric In-patients (Number)","2001","2001","-","Both sexes","19","Other and unspecified","Number",""
"HRA71C01","Psychiatric In-patients (Number)","2001","2001","-","Both sexes","20","Unspecified","Number","118"
"HRA71C01","Psychiatric In-patients (Number)","2001","2001","-","Both sexes","21","All disorders","Number","4321"
"HRA71C01","Psychiatric In-patients (Number)","2001","2001","1","Male","01","Organic category","Number","156"
"HRA71C01","Psychiatric In-patients (Number)","2001","2001","1","Male","02","Organic mental disorders","Number",""
"HRA71C01","Psychiatric In-patients (Number)","2001","2001","1","Male","03","Schizophrenia","Number","1054"
"HRA71C01","Psychiatric In-patients (Number)","2001","2001","1","Male","04","Schizophrenia, schizotypal and delusional disorders","Number",""
"HRA71C01","Psychiatric In-patients (Number)","2001","2001","1","Male","05","Other psychoses","Number","18"
"HRA71C01","Psychiatric In-patients (Number)","2001","2001","1","Male","06","Depressive disorders","Number","314"
"HRA71C01","Psychiatric In-patients (Number)","2001","2001","1","Male","07","Mania","Number","202"
"HRA71C01","Psychiatric In-patients (Number)","2001","2001","1","Male","08","Neuroses","Number","51"
"HRA71C01","Psychiatric In-patients (Number)","2001","2001","1","Male","09","Personality disorders","Number","59"
"HRA71C01","Psychiatric In-patients (Number)","2001","2001","1","Male","10","Personality and behavioural disorders","Number",""
"HRA71C01","Psychiatric In-patients (Number)","2001","2001","1","Male","11","Alcoholic disorders","Number","178"
"HRA71C01","Psychiatric In-patients (Number)","2001","2001","1","Male","12","Drug dependence","Number","42"
"HRA71C01","Psychiatric In-patients (Number)","2001","2001","1","Male","13","Other drug disorders","Number",""
"HRA71C01","Psychiatric In-patients (Number)","2001","2001","1","Male","14","Mental handicap","Number","270"
"HRA71C01","Psychiatric In-patients (Number)","2001","2001","1","Male","15","Eating disorders","Number",""
"HRA71C01","Psychiatric In-patients (Number)","2001","2001","1","Male","16","Intellectual disability","Number",""
"HRA71C01","Psychiatric In-patients (Number)","2001","2001","1","Male","17","Development disorders","Number",""
"HRA71C01","Psychiatric In-patients (Number)","2001","2001","1","Male","18","Behavioural, emotional disorders of childhood and adolescence","Number",""
"HRA71C01","Psychiatric In-patients (Number)","2001","2001","1","Male","19","Other and unspecified","Number",""
"HRA71C01","Psychiatric In-patients (Number)","2001","2001","1","Male","20","Unspecified","Number","51"
"HRA71C01","Psychiatric In-patients (Number)","2001","2001","1","Male","21","All disorders","Number","2395"
"HRA71C01","Psychiatric In-patients (Number)","2001","2001","2","Female","01","Organic category","Number","161"
"HRA71C01","Psychiatric In-patients (Number)","2001","2001","2","Female","02","Organic mental disorders","Number",""
"HRA71C01","Psychiatric In-patients (Number)","2001","2001","2","Female","03","Schizophrenia","Number","647"
"HRA71C01","Psychiatric In-patients (Number)","2001","2001","2","Female","04","Schizophrenia, schizotypal and delusional disorders","Number",""
"HRA71C01","Psychiatric In-patients (Number)","2001","2001","2","Female","05","Other psychoses","Number","31"
"HRA71C01","Psychiatric In-patients (Number)","2001","2001","2","Female","06","Depressive disorders","Number","438"
"HRA71C01","Psychiatric In-patients (Number)","2001","2001","2","Female","07","Mania","Number","222"
"HRA71C01","Psychiatric In-patients (Number)","2001","2001","2","Female","08","Neuroses","Number","95"
"HRA71C01","Psychiatric In-patients (Number)","2001","2001","2","Female","09","Personality disorders","Number","66"
"HRA71C01","Psychiatric In-patients (Number)","2001","2001","2","Female","10","Personality and behavioural disorders","Number",""
"HRA71C01","Psychiatric In-patients (Number)","2001","2001","2","Female","11","Alcoholic disorders","Number","63"
"HRA71C01","Psychiatric In-patients (Number)","2001","2001","2","Female","12","Drug dependence","Number","14"
"HRA71C01","Psychiatric In-patients (Number)","2001","2001","2","Female","13","Other drug disorders","Number",""
"HRA71C01","Psychiatric In-patients (Number)","2001","2001","2","Female","14","Mental handicap","Number","122"
"HRA71C01","Psychiatric In-patients (Number)","2001","2001","2","Female","15","Eating disorders","Number",""
"HRA71C01","Psychiatric In-patients (Number)","2001","2001","2","Female","16","Intellectual disability","Number",""
"HRA71C01","Psychiatric In-patients (Number)","2001","2001","2","Female","17","Development disorders","Number",""
"HRA71C01","Psychiatric In-patients (Number)","2001","2001","2","Female","18","Behavioural, emotional disorders of childhood and adolescence","Number",""
"HRA71C01","Psychiatric In-patients (Number)","2001","2001","2","Female","19","Other and unspecified","Number",""
"HRA71C01","Psychiatric In-patients (Number)","2001","2001","2","Female","20","Unspecified","Number","67"
"HRA71C01","Psychiatric In-patients (Number)","2001","2001","2","Female","21","All disorders","Number","1926"
"HRA71C01","Psychiatric In-patients (Number)","2006","2006","-","Both sexes","01","Organic category","Number",""
"HRA71C01","Psychiatric In-patients (Number)","2006","2006","-","Both sexes","02","Organic mental disorders","Number","235"
"HRA71C01","Psychiatric In-patients (Number)","2006","2006","-","Both sexes","03","Schizophrenia","Number",""
"HRA71C01","Psychiatric In-patients (Number)","2006","2006","-","Both sexes","04","Schizophrenia, schizotypal and delusional disorders","Number","1163"
"HRA71C01","Psychiatric In-patients (Number)","2006","2006","-","Both sexes","05","Other psychoses","Number",""
"HRA71C01","Psychiatric In-patients (Number)","2006","2006","-","Both sexes","06","Depressive disorders","Number","492"
"HRA71C01","Psychiatric In-patients (Number)","2006","2006","-","Both sexes","07","Mania","Number","275"
"HRA71C01","Psychiatric In-patients (Number)","2006","2006","-","Both sexes","08","Neuroses","Number","58"
"HRA71C01","Psychiatric In-patients (Number)","2006","2006","-","Both sexes","09","Personality disorders","Number",""
"HRA71C01","Psychiatric In-patients (Number)","2006","2006","-","Both sexes","10","Personality and behavioural disorders","Number","70"
"HRA71C01","Psychiatric In-patients (Number)","2006","2006","-","Both sexes","11","Alcoholic disorders","Number","164"
"HRA71C01","Psychiatric In-patients (Number)","2006","2006","-","Both sexes","12","Drug dependence","Number",""
"HRA71C01","Psychiatric In-patients (Number)","2006","2006","-","Both sexes","13","Other drug disorders","Number","26"
"HRA71C01","Psychiatric In-patients (Number)","2006","2006","-","Both sexes","14","Mental handicap","Number",""
"HRA71C01","Psychiatric In-patients (Number)","2006","2006","-","Both sexes","15","Eating disorders","Number","18"
"HRA71C01","Psychiatric In-patients (Number)","2006","2006","-","Both sexes","16","Intellectual disability","Number","251"
"HRA71C01","Psychiatric In-patients (Number)","2006","2006","-","Both sexes","17","Development disorders","Number","13"
"HRA71C01","Psychiatric In-patients (Number)","2006","2006","-","Both sexes","18","Behavioural, emotional disorders of childhood and adolescence","Number","7"
"HRA71C01","Psychiatric In-patients (Number)","2006","2006","-","Both sexes","19","Other and unspecified","Number","617"
"HRA71C01","Psychiatric In-patients (Number)","2006","2006","-","Both sexes","20","Unspecified","Number",""
"HRA71C01","Psychiatric In-patients (Number)","2006","2006","-","Both sexes","21","All disorders","Number","3389"
"HRA71C01","Psychiatric In-patients (Number)","2006","2006","1","Male","01","Organic category","Number",""
"HRA71C01","Psychiatric In-patients (Number)","2006","2006","1","Male","02","Organic mental disorders","Number","127"
"HRA71C01","Psychiatric In-patients (Number)","2006","2006","1","Male","03","Schizophrenia","Number",""
"HRA71C01","Psychiatric In-patients (Number)","2006","2006","1","Male","04","Schizophrenia, schizotypal and delusional disorders","Number","736"
"HRA71C01","Psychiatric In-patients (Number)","2006","2006","1","Male","05","Other psychoses","Number",""
"HRA71C01","Psychiatric In-patients (Number)","2006","2006","1","Male","06","Depressive disorders","Number","204"
"HRA71C01","Psychiatric In-patients (Number)","2006","2006","1","Male","07","Mania","Number","124"
"HRA71C01","Psychiatric In-patients (Number)","2006","2006","1","Male","08","Neuroses","Number","24"
"HRA71C01","Psychiatric In-patients (Number)","2006","2006","1","Male","09","Personality disorders","Number",""
"HRA71C01","Psychiatric In-patients (Number)","2006","2006","1","Male","10","Personality and behavioural disorders","Number","28"
"HRA71C01","Psychiatric In-patients (Number)","2006","2006","1","Male","11","Alcoholic disorders","Number","115"
"HRA71C01","Psychiatric In-patients (Number)","2006","2006","1","Male","12","Drug dependence","Number",""
"HRA71C01","Psychiatric In-patients (Number)","2006","2006","1","Male","13","Other drug disorders","Number","15"
"HRA71C01","Psychiatric In-patients (Number)","2006","2006","1","Male","14","Mental handicap","Number",""
"HRA71C01","Psychiatric In-patients (Number)","2006","2006","1","Male","15","Eating disorders","Number",""
"HRA71C01","Psychiatric In-patients (Number)","2006","2006","1","Male","16","Intellectual disability","Number","167"
"HRA71C01","Psychiatric In-patients (Number)","2006","2006","1","Male","17","Development disorders","Number","7"
"HRA71C01","Psychiatric In-patients (Number)","2006","2006","1","Male","18","Behavioural, emotional disorders of childhood and adolescence","Number",""
"HRA71C01","Psychiatric In-patients (Number)","2006","2006","1","Male","19","Other and unspecified","Number","308"
"HRA71C01","Psychiatric In-patients (Number)","2006","2006","1","Male","20","Unspecified","Number",""
"HRA71C01","Psychiatric In-patients (Number)","2006","2006","1","Male","21","All disorders","Number","1859"
"HRA71C01","Psychiatric In-patients (Number)","2006","2006","2","Female","01","Organic category","Number",""
"HRA71C01","Psychiatric In-patients (Number)","2006","2006","2","Female","02","Organic mental disorders","Number","108"
"HRA71C01","Psychiatric In-patients (Number)","2006","2006","2","Female","03","Schizophrenia","Number",""
"HRA71C01","Psychiatric In-patients (Number)","2006","2006","2","Female","04","Schizophrenia, schizotypal and delusional disorders","Number","427"
"HRA71C01","Psychiatric In-patients (Number)","2006","2006","2","Female","05","Other psychoses","Number",""
"HRA71C01","Psychiatric In-patients (Number)","2006","2006","2","Female","06","Depressive disorders","Number","288"
"HRA71C01","Psychiatric In-patients (Number)","2006","2006","2","Female","07","Mania","Number","151"
"HRA71C01","Psychiatric In-patients (Number)","2006","2006","2","Female","08","Neuroses","Number","34"
"HRA71C01","Psychiatric In-patients (Number)","2006","2006","2","Female","09","Personality disorders","Number",""
"HRA71C01","Psychiatric In-patients (Number)","2006","2006","2","Female","10","Personality and behavioural disorders","Number","42"
"HRA71C01","Psychiatric In-patients (Number)","2006","2006","2","Female","11","Alcoholic disorders","Number","49"
"HRA71C01","Psychiatric In-patients (Number)","2006","2006","2","Female","12","Drug dependence","Number",""
"HRA71C01","Psychiatric In-patients (Number)","2006","2006","2","Female","13","Other drug disorders","Number","11"
"HRA71C01","Psychiatric In-patients (Number)","2006","2006","2","Female","14","Mental handicap","Number",""
"HRA71C01","Psychiatric In-patients (Number)","2006","2006","2","Female","15","Eating disorders","Number","16"
"HRA71C01","Psychiatric In-patients (Number)","2006","2006","2","Female","16","Intellectual disability","Number","84"
"HRA71C01","Psychiatric In-patients (Number)","2006","2006","2","Female","17","Development disorders","Number","6"
"HRA71C01","Psychiatric In-patients (Number)","2006","2006","2","Female","18","Behavioural, emotional disorders of childhood and adolescence","Number","5"
"HRA71C01","Psychiatric In-patients (Number)","2006","2006","2","Female","19","Other and unspecified","Number","309"
"HRA71C01","Psychiatric In-patients (Number)","2006","2006","2","Female","20","Unspecified","Number",""
"HRA71C01","Psychiatric In-patients (Number)","2006","2006","2","Female","21","All disorders","Number","1530"
"HRA71C01","Psychiatric In-patients (Number)","2010","2010","-","Both sexes","01","Organic category","Number",""
"HRA71C01","Psychiatric In-patients (Number)","2010","2010","-","Both sexes","02","Organic mental disorders","Number","273"
"HRA71C01","Psychiatric In-patients (Number)","2010","2010","-","Both sexes","03","Schizophrenia","Number",""
"HRA71C01","Psychiatric In-patients (Number)","2010","2010","-","Both sexes","04","Schizophrenia, schizotypal and delusional disorders","Number","957"
"HRA71C01","Psychiatric In-patients (Number)","2010","2010","-","Both sexes","05","Other psychoses","Number",""
"HRA71C01","Psychiatric In-patients (Number)","2010","2010","-","Both sexes","06","Depressive disorders","Number","481"
"HRA71C01","Psychiatric In-patients (Number)","2010","2010","-","Both sexes","07","Mania","Number","216"
"HRA71C01","Psychiatric In-patients (Number)","2010","2010","-","Both sexes","08","Neuroses","Number","98"
"HRA71C01","Psychiatric In-patients (Number)","2010","2010","-","Both sexes","09","Personality disorders","Number",""
"HRA71C01","Psychiatric In-patients (Number)","2010","2010","-","Both sexes","10","Personality and behavioural disorders","Number","79"
"HRA71C01","Psychiatric In-patients (Number)","2010","2010","-","Both sexes","11","Alcoholic disorders","Number","98"
"HRA71C01","Psychiatric In-patients (Number)","2010","2010","-","Both sexes","12","Drug dependence","Number",""
"HRA71C01","Psychiatric In-patients (Number)","2010","2010","-","Both sexes","13","Other drug disorders","Number","46"
"HRA71C01","Psychiatric In-patients (Number)","2010","2010","-","Both sexes","14","Mental handicap","Number",""
"HRA71C01","Psychiatric In-patients (Number)","2010","2010","-","Both sexes","15","Eating disorders","Number","20"
"HRA71C01","Psychiatric In-patients (Number)","2010","2010","-","Both sexes","16","Intellectual disability","Number","154"
"HRA71C01","Psychiatric In-patients (Number)","2010","2010","-","Both sexes","17","Development disorders","Number","11"
"HRA71C01","Psychiatric In-patients (Number)","2010","2010","-","Both sexes","18","Behavioural, emotional disorders of childhood and adolescence","Number","8"
"HRA71C01","Psychiatric In-patients (Number)","2010","2010","-","Both sexes","19","Other and unspecified","Number","371"
"HRA71C01","Psychiatric In-patients (Number)","2010","2010","-","Both sexes","20","Unspecified","Number",""
"HRA71C01","Psychiatric In-patients (Number)","2010","2010","-","Both sexes","21","All disorders","Number","2812"
"HRA71C01","Psychiatric In-patients (Number)","2010","2010","1","Male","01","Organic category","Number",""
"HRA71C01","Psychiatric In-patients (Number)","2010","2010","1","Male","02","Organic mental disorders","Number","155"
"HRA71C01","Psychiatric In-patients (Number)","2010","2010","1","Male","03","Schizophrenia","Number",""
"HRA71C01","Psychiatric In-patients (Number)","2010","2010","1","Male","04","Schizophrenia, schizotypal and delusional disorders","Number","606"
"HRA71C01","Psychiatric In-patients (Number)","2010","2010","1","Male","05","Other psychoses","Number",""
"HRA71C01","Psychiatric In-patients (Number)","2010","2010","1","Male","06","Depressive disorders","Number","183"
"HRA71C01","Psychiatric In-patients (Number)","2010","2010","1","Male","07","Mania","Number","89"
"HRA71C01","Psychiatric In-patients (Number)","2010","2010","1","Male","08","Neuroses","Number","38"
"HRA71C01","Psychiatric In-patients (Number)","2010","2010","1","Male","09","Personality disorders","Number",""
"HRA71C01","Psychiatric In-patients (Number)","2010","2010","1","Male","10","Personality and behavioural disorders","Number","26"
"HRA71C01","Psychiatric In-patients (Number)","2010","2010","1","Male","11","Alcoholic disorders","Number","65"
"HRA71C01","Psychiatric In-patients (Number)","2010","2010","1","Male","12","Drug dependence","Number",""
"HRA71C01","Psychiatric In-patients (Number)","2010","2010","1","Male","13","Other drug disorders","Number","33"
"HRA71C01","Psychiatric In-patients (Number)","2010","2010","1","Male","14","Mental handicap","Number",""
"HRA71C01","Psychiatric In-patients (Number)","2010","2010","1","Male","15","Eating disorders","Number","0"
"HRA71C01","Psychiatric In-patients (Number)","2010","2010","1","Male","16","Intellectual disability","Number","100"
"HRA71C01","Psychiatric In-patients (Number)","2010","2010","1","Male","17","Development disorders","Number","7"
"HRA71C01","Psychiatric In-patients (Number)","2010","2010","1","Male","18","Behavioural, emotional disorders of childhood and adolescence","Number","6"
"HRA71C01","Psychiatric In-patients (Number)","2010","2010","1","Male","19","Other and unspecified","Number","179"
"HRA71C01","Psychiatric In-patients (Number)","2010","2010","1","Male","20","Unspecified","Number",""
"HRA71C01","Psychiatric In-patients (Number)","2010","2010","1","Male","21","All disorders","Number","1487"
"HRA71C01","Psychiatric In-patients (Number)","2010","2010","2","Female","01","Organic category","Number",""
"HRA71C01","Psychiatric In-patients (Number)","2010","2010","2","Female","02","Organic mental disorders","Number","118"
"HRA71C01","Psychiatric In-patients (Number)","2010","2010","2","Female","03","Schizophrenia","Number",""
"HRA71C01","Psychiatric In-patients (Number)","2010","2010","2","Female","04","Schizophrenia, schizotypal and delusional disorders","Number","351"
"HRA71C01","Psychiatric In-patients (Number)","2010","2010","2","Female","05","Other psychoses","Number",""
"HRA71C01","Psychiatric In-patients (Number)","2010","2010","2","Female","06","Depressive disorders","Number","298"
"HRA71C01","Psychiatric In-patients (Number)","2010","2010","2","Female","07","Mania","Number","127"
"HRA71C01","Psychiatric In-patients (Number)","2010","2010","2","Female","08","Neuroses","Number","60"
"HRA71C01","Psychiatric In-patients (Number)","2010","2010","2","Female","09","Personality disorders","Number",""
"HRA71C01","Psychiatric In-patients (Number)","2010","2010","2","Female","10","Personality and behavioural disorders","Number","53"
"HRA71C01","Psychiatric In-patients (Number)","2010","2010","2","Female","11","Alcoholic disorders","Number","33"
"HRA71C01","Psychiatric In-patients (Number)","2010","2010","2","Female","12","Drug dependence","Number",""
"HRA71C01","Psychiatric In-patients (Number)","2010","2010","2","Female","13","Other drug disorders","Number","13"
"HRA71C01","Psychiatric In-patients (Number)","2010","2010","2","Female","14","Mental handicap","Number",""
"HRA71C01","Psychiatric In-patients (Number)","2010","2010","2","Female","15","Eating disorders","Number","20"
"HRA71C01","Psychiatric In-patients (Number)","2010","2010","2","Female","16","Intellectual disability","Number","54"
"HRA71C01","Psychiatric In-patients (Number)","2010","2010","2","Female","17","Development disorders","Number",""
"HRA71C01","Psychiatric In-patients (Number)","2010","2010","2","Female","18","Behavioural, emotional disorders of childhood and adolescence","Number",""
"HRA71C01","Psychiatric In-patients (Number)","2010","2010","2","Female","19","Other and unspecified","Number","192"
"HRA71C01","Psychiatric In-patients (Number)","2010","2010","2","Female","20","Unspecified","Number",""
"HRA71C01","Psychiatric In-patients (Number)","2010","2010","2","Female","21","All disorders","Number","1325"
"HRA71C01","Psychiatric In-patients (Number)","2013","2013","-","Both sexes","01","Organic category","Number",""
"HRA71C01","Psychiatric In-patients (Number)","2013","2013","-","Both sexes","02","Organic mental disorders","Number","257"
"HRA71C01","Psychiatric In-patients (Number)","2013","2013","-","Both sexes","03","Schizophrenia","Number",""
"HRA71C01","Psychiatric In-patients (Number)","2013","2013","-","Both sexes","04","Schizophrenia, schizotypal and delusional disorders","Number","751"
"HRA71C01","Psychiatric In-patients (Number)","2013","2013","-","Both sexes","05","Other psychoses","Number",""
"HRA71C01","Psychiatric In-patients (Number)","2013","2013","-","Both sexes","06","Depressive disorders","Number","397"
"HRA71C01","Psychiatric In-patients (Number)","2013","2013","-","Both sexes","07","Mania","Number","199"
"HRA71C01","Psychiatric In-patients (Number)","2013","2013","-","Both sexes","08","Neuroses","Number","85"
"HRA71C01","Psychiatric In-patients (Number)","2013","2013","-","Both sexes","09","Personality disorders","Number",""
"HRA71C01","Psychiatric In-patients (Number)","2013","2013","-","Both sexes","10","Personality and behavioural disorders","Number","68"
"HRA71C01","Psychiatric In-patients (Number)","2013","2013","-","Both sexes","11","Alcoholic disorders","Number","72"
"HRA71C01","Psychiatric In-patients (Number)","2013","2013","-","Both sexes","12","Drug dependence","Number",""
"HRA71C01","Psychiatric In-patients (Number)","2013","2013","-","Both sexes","13","Other drug disorders","Number","27"
"HRA71C01","Psychiatric In-patients (Number)","2013","2013","-","Both sexes","14","Mental handicap","Number",""
"HRA71C01","Psychiatric In-patients (Number)","2013","2013","-","Both sexes","15","Eating disorders","Number","19"
"HRA71C01","Psychiatric In-patients (Number)","2013","2013","-","Both sexes","16","Intellectual disability","Number","161"
"HRA71C01","Psychiatric In-patients (Number)","2013","2013","-","Both sexes","17","Development disorders","Number",""
"HRA71C01","Psychiatric In-patients (Number)","2013","2013","-","Both sexes","18","Behavioural, emotional disorders of childhood and adolescence","Number","0"
"HRA71C01","Psychiatric In-patients (Number)","2013","2013","-","Both sexes","19","Other and unspecified","Number","361"
"HRA71C01","Psychiatric In-patients (Number)","2013","2013","-","Both sexes","20","Unspecified","Number",""
"HRA71C01","Psychiatric In-patients (Number)","2013","2013","-","Both sexes","21","All disorders","Number","2401"
"HRA71C01","Psychiatric In-patients (Number)","2013","2013","1","Male","01","Organic category","Number",""
"HRA71C01","Psychiatric In-patients (Number)","2013","2013","1","Male","02","Organic mental disorders","Number","147"
"HRA71C01","Psychiatric In-patients (Number)","2013","2013","1","Male","03","Schizophrenia","Number",""
"HRA71C01","Psychiatric In-patients (Number)","2013","2013","1","Male","04","Schizophrenia, schizotypal and delusional disorders","Number","478"
"HRA71C01","Psychiatric In-patients (Number)","2013","2013","1","Male","05","Other psychoses","Number",""
"HRA71C01","Psychiatric In-patients (Number)","2013","2013","1","Male","06","Depressive disorders","Number","163"
"HRA71C01","Psychiatric In-patients (Number)","2013","2013","1","Male","07","Mania","Number","95"
"HRA71C01","Psychiatric In-patients (Number)","2013","2013","1","Male","08","Neuroses","Number","44"
"HRA71C01","Psychiatric In-patients (Number)","2013","2013","1","Male","09","Personality disorders","Number",""
"HRA71C01","Psychiatric In-patients (Number)","2013","2013","1","Male","10","Personality and behavioural disorders","Number","21"
"HRA71C01","Psychiatric In-patients (Number)","2013","2013","1","Male","11","Alcoholic disorders","Number","47"
"HRA71C01","Psychiatric In-patients (Number)","2013","2013","1","Male","12","Drug dependence","Number",""
"HRA71C01","Psychiatric In-patients (Number)","2013","2013","1","Male","13","Other drug disorders","Number","22"
"HRA71C01","Psychiatric In-patients (Number)","2013","2013","1","Male","14","Mental handicap","Number",""
"HRA71C01","Psychiatric In-patients (Number)","2013","2013","1","Male","15","Eating disorders","Number","0"
"HRA71C01","Psychiatric In-patients (Number)","2013","2013","1","Male","16","Intellectual disability","Number","111"
"HRA71C01","Psychiatric In-patients (Number)","2013","2013","1","Male","17","Development disorders","Number",""
"HRA71C01","Psychiatric In-patients (Number)","2013","2013","1","Male","18","Behavioural, emotional disorders of childhood and adolescence","Number","0"
"HRA71C01","Psychiatric In-patients (Number)","2013","2013","1","Male","19","Other and unspecified","Number","193"
"HRA71C01","Psychiatric In-patients (Number)","2013","2013","1","Male","20","Unspecified","Number",""
"HRA71C01","Psychiatric In-patients (Number)","2013","2013","1","Male","21","All disorders","Number","1325"
"HRA71C01","Psychiatric In-patients (Number)","2013","2013","2","Female","01","Organic category","Number",""
"HRA71C01","Psychiatric In-patients (Number)","2013","2013","2","Female","02","Organic mental disorders","Number","110"
"HRA71C01","Psychiatric In-patients (Number)","2013","2013","2","Female","03","Schizophrenia","Number",""
"HRA71C01","Psychiatric In-patients (Number)","2013","2013","2","Female","04","Schizophrenia, schizotypal and delusional disorders","Number","273"
"HRA71C01","Psychiatric In-patients (Number)","2013","2013","2","Female","05","Other psychoses","Number",""
"HRA71C01","Psychiatric In-patients (Number)","2013","2013","2","Female","06","Depressive disorders","Number","234"
"HRA71C01","Psychiatric In-patients (Number)","2013","2013","2","Female","07","Mania","Number","104"
"HRA71C01","Psychiatric In-patients (Number)","2013","2013","2","Female","08","Neuroses","Number","41"
"HRA71C01","Psychiatric In-patients (Number)","2013","2013","2","Female","09","Personality disorders","Number",""
"HRA71C01","Psychiatric In-patients (Number)","2013","2013","2","Female","10","Personality and behavioural disorders","Number","47"
"HRA71C01","Psychiatric In-patients (Number)","2013","2013","2","Female","11","Alcoholic disorders","Number","25"
"HRA71C01","Psychiatric In-patients (Number)","2013","2013","2","Female","12","Drug dependence","Number",""
"HRA71C01","Psychiatric In-patients (Number)","2013","2013","2","Female","13","Other drug disorders","Number","5"
"HRA71C01","Psychiatric In-patients (Number)","2013","2013","2","Female","14","Mental handicap","Number",""
"HRA71C01","Psychiatric In-patients (Number)","2013","2013","2","Female","15","Eating disorders","Number","19"
"HRA71C01","Psychiatric In-patients (Number)","2013","2013","2","Female","16","Intellectual disability","Number","50"
"HRA71C01","Psychiatric In-patients (Number)","2013","2013","2","Female","17","Development disorders","Number","0"
"HRA71C01","Psychiatric In-patients (Number)","2013","2013","2","Female","18","Behavioural, emotional disorders of childhood and adolescence","Number","0"
"HRA71C01","Psychiatric In-patients (Number)","2013","2013","2","Female","19","Other and unspecified","Number","168"
"HRA71C01","Psychiatric In-patients (Number)","2013","2013","2","Female","20","Unspecified","Number",""
"HRA71C01","Psychiatric In-patients (Number)","2013","2013","2","Female","21","All disorders","Number","1076"
"HRA71C01","Psychiatric In-patients (Number)","2015","2015","-","Both sexes","01","Organic category","Number",""
"HRA71C01","Psychiatric In-patients (Number)","2015","2015","-","Both sexes","02","Organic mental disorders","Number","289"
"HRA71C01","Psychiatric In-patients (Number)","2015","2015","-","Both sexes","03","Schizophrenia","Number",""
"HRA71C01","Psychiatric In-patients (Number)","2015","2015","-","Both sexes","04","Schizophrenia, schizotypal and delusional disorders","Number","744"
"HRA71C01","Psychiatric In-patients (Number)","2015","2015","-","Both sexes","05","Other psychoses","Number",""
"HRA71C01","Psychiatric In-patients (Number)","2015","2015","-","Both sexes","06","Depressive disorders","Number","353"
"HRA71C01","Psychiatric In-patients (Number)","2015","2015","-","Both sexes","07","Mania","Number","181"
"HRA71C01","Psychiatric In-patients (Number)","2015","2015","-","Both sexes","08","Neuroses","Number","83"
"HRA71C01","Psychiatric In-patients (Number)","2015","2015","-","Both sexes","09","Personality disorders","Number",""
"HRA71C01","Psychiatric In-patients (Number)","2015","2015","-","Both sexes","10","Personality and behavioural disorders","Number","75"
"HRA71C01","Psychiatric In-patients (Number)","2015","2015","-","Both sexes","11","Alcoholic disorders","Number","74"
"HRA71C01","Psychiatric In-patients (Number)","2015","2015","-","Both sexes","12","Drug dependence","Number",""
"HRA71C01","Psychiatric In-patients (Number)","2015","2015","-","Both sexes","13","Other drug disorders","Number","40"
"HRA71C01","Psychiatric In-patients (Number)","2015","2015","-","Both sexes","14","Mental handicap","Number",""
"HRA71C01","Psychiatric In-patients (Number)","2015","2015","-","Both sexes","15","Eating disorders","Number","12"
"HRA71C01","Psychiatric In-patients (Number)","2015","2015","-","Both sexes","16","Intellectual disability","Number","126"
"HRA71C01","Psychiatric In-patients (Number)","2015","2015","-","Both sexes","17","Development disorders","Number","10"
"HRA71C01","Psychiatric In-patients (Number)","2015","2015","-","Both sexes","18","Behavioural, emotional disorders of childhood and adolescence","Number",""
"HRA71C01","Psychiatric In-patients (Number)","2015","2015","-","Both sexes","19","Other and unspecified","Number","348"
"HRA71C01","Psychiatric In-patients (Number)","2015","2015","-","Both sexes","20","Unspecified","Number",""
"HRA71C01","Psychiatric In-patients (Number)","2015","2015","-","Both sexes","21","All disorders","Number","2337"
"HRA71C01","Psychiatric In-patients (Number)","2015","2015","1","Male","01","Organic category","Number",""
"HRA71C01","Psychiatric In-patients (Number)","2015","2015","1","Male","02","Organic mental disorders","Number","179"
"HRA71C01","Psychiatric In-patients (Number)","2015","2015","1","Male","03","Schizophrenia","Number",""
"HRA71C01","Psychiatric In-patients (Number)","2015","2015","1","Male","04","Schizophrenia, schizotypal and delusional disorders","Number","461"
"HRA71C01","Psychiatric In-patients (Number)","2015","2015","1","Male","05","Other psychoses","Number",""
"HRA71C01","Psychiatric In-patients (Number)","2015","2015","1","Male","06","Depressive disorders","Number","168"
"HRA71C01","Psychiatric In-patients (Number)","2015","2015","1","Male","07","Mania","Number","69"
"HRA71C01","Psychiatric In-patients (Number)","2015","2015","1","Male","08","Neuroses","Number","29"
"HRA71C01","Psychiatric In-patients (Number)","2015","2015","1","Male","09","Personality disorders","Number",""
"HRA71C01","Psychiatric In-patients (Number)","2015","2015","1","Male","10","Personality and behavioural disorders","Number","33"
"HRA71C01","Psychiatric In-patients (Number)","2015","2015","1","Male","11","Alcoholic disorders","Number","48"
"HRA71C01","Psychiatric In-patients (Number)","2015","2015","1","Male","12","Drug dependence","Number",""
"HRA71C01","Psychiatric In-patients (Number)","2015","2015","1","Male","13","Other drug disorders","Number","30"
"HRA71C01","Psychiatric In-patients (Number)","2015","2015","1","Male","14","Mental handicap","Number",""
"HRA71C01","Psychiatric In-patients (Number)","2015","2015","1","Male","15","Eating disorders","Number",""
"HRA71C01","Psychiatric In-patients (Number)","2015","2015","1","Male","16","Intellectual disability","Number","82"
"HRA71C01","Psychiatric In-patients (Number)","2015","2015","1","Male","17","Development disorders","Number","10"
"HRA71C01","Psychiatric In-patients (Number)","2015","2015","1","Male","18","Behavioural, emotional disorders of childhood and adolescence","Number",""
"HRA71C01","Psychiatric In-patients (Number)","2015","2015","1","Male","19","Other and unspecified","Number","162"
"HRA71C01","Psychiatric In-patients (Number)","2015","2015","1","Male","20","Unspecified","Number",""
"HRA71C01","Psychiatric In-patients (Number)","2015","2015","1","Male","21","All disorders","Number","1274"
"HRA71C01","Psychiatric In-patients (Number)","2015","2015","2","Female","01","Organic category","Number",""
"HRA71C01","Psychiatric In-patients (Number)","2015","2015","2","Female","02","Organic mental disorders","Number","110"
"HRA71C01","Psychiatric In-patients (Number)","2015","2015","2","Female","03","Schizophrenia","Number",""
"HRA71C01","Psychiatric In-patients (Number)","2015","2015","2","Female","04","Schizophrenia, schizotypal and delusional disorders","Number","283"
"HRA71C01","Psychiatric In-patients (Number)","2015","2015","2","Female","05","Other psychoses","Number",""
"HRA71C01","Psychiatric In-patients (Number)","2015","2015","2","Female","06","Depressive disorders","Number","185"
"HRA71C01","Psychiatric In-patients (Number)","2015","2015","2","Female","07","Mania","Number","112"
"HRA71C01","Psychiatric In-patients (Number)","2015","2015","2","Female","08","Neuroses","Number","54"
"HRA71C01","Psychiatric In-patients (Number)","2015","2015","2","Female","09","Personality disorders","Number",""
"HRA71C01","Psychiatric In-patients (Number)","2015","2015","2","Female","10","Personality and behavioural disorders","Number","42"
"HRA71C01","Psychiatric In-patients (Number)","2015","2015","2","Female","11","Alcoholic disorders","Number","26"
"HRA71C01","Psychiatric In-patients (Number)","2015","2015","2","Female","12","Drug dependence","Number",""
"HRA71C01","Psychiatric In-patients (Number)","2015","2015","2","Female","13","Other drug disorders","Number","10"
"HRA71C01","Psychiatric In-patients (Number)","2015","2015","2","Female","14","Mental handicap","Number",""
"HRA71C01","Psychiatric In-patients (Number)","2015","2015","2","Female","15","Eating disorders","Number","11"
"HRA71C01","Psychiatric In-patients (Number)","2015","2015","2","Female","16","Intellectual disability","Number","44"
"HRA71C01","Psychiatric In-patients (Number)","2015","2015","2","Female","17","Development disorders","Number","0"
"HRA71C01","Psychiatric In-patients (Number)","2015","2015","2","Female","18","Behavioural, emotional disorders of childhood and adolescence","Number","0"
"HRA71C01","Psychiatric In-patients (Number)","2015","2015","2","Female","19","Other and unspecified","Number","186"
"HRA71C01","Psychiatric In-patients (Number)","2015","2015","2","Female","20","Unspecified","Number",""
"HRA71C01","Psychiatric In-patients (Number)","2015","2015","2","Female","21","All disorders","Number","1063"
"HRA71C01","Psychiatric In-patients (Number)","2016","2016","-","Both sexes","01","Organic category","Number",""
"HRA71C01","Psychiatric In-patients (Number)","2016","2016","-","Both sexes","02","Organic mental disorders","Number","281"
"HRA71C01","Psychiatric In-patients (Number)","2016","2016","-","Both sexes","03","Schizophrenia","Number",""
"HRA71C01","Psychiatric In-patients (Number)","2016","2016","-","Both sexes","04","Schizophrenia, schizotypal and delusional disorders","Number","773"
"HRA71C01","Psychiatric In-patients (Number)","2016","2016","-","Both sexes","05","Other psychoses","Number",""
"HRA71C01","Psychiatric In-patients (Number)","2016","2016","-","Both sexes","06","Depressive disorders","Number","346"
"HRA71C01","Psychiatric In-patients (Number)","2016","2016","-","Both sexes","07","Mania","Number","195"
"HRA71C01","Psychiatric In-patients (Number)","2016","2016","-","Both sexes","08","Neuroses","Number","83"
"HRA71C01","Psychiatric In-patients (Number)","2016","2016","-","Both sexes","09","Personality disorders","Number",""
"HRA71C01","Psychiatric In-patients (Number)","2016","2016","-","Both sexes","10","Personality and behavioural disorders","Number","74"
"HRA71C01","Psychiatric In-patients (Number)","2016","2016","-","Both sexes","11","Alcoholic disorders","Number","61"
"HRA71C01","Psychiatric In-patients (Number)","2016","2016","-","Both sexes","12","Drug dependence","Number",""
"HRA71C01","Psychiatric In-patients (Number)","2016","2016","-","Both sexes","13","Other drug disorders","Number","37"
"HRA71C01","Psychiatric In-patients (Number)","2016","2016","-","Both sexes","14","Mental handicap","Number",""
"HRA71C01","Psychiatric In-patients (Number)","2016","2016","-","Both sexes","15","Eating disorders","Number","22"
"HRA71C01","Psychiatric In-patients (Number)","2016","2016","-","Both sexes","16","Intellectual disability","Number","122"
"HRA71C01","Psychiatric In-patients (Number)","2016","2016","-","Both sexes","17","Development disorders","Number","10"
"HRA71C01","Psychiatric In-patients (Number)","2016","2016","-","Both sexes","18","Behavioural, emotional disorders of childhood and adolescence","Number",""
"HRA71C01","Psychiatric In-patients (Number)","2016","2016","-","Both sexes","19","Other and unspecified","Number","273"
"HRA71C01","Psychiatric In-patients (Number)","2016","2016","-","Both sexes","20","Unspecified","Number",""
"HRA71C01","Psychiatric In-patients (Number)","2016","2016","-","Both sexes","21","All disorders","Number","2278"
"HRA71C01","Psychiatric In-patients (Number)","2016","2016","1","Male","01","Organic category","Number",""
"HRA71C01","Psychiatric In-patients (Number)","2016","2016","1","Male","02","Organic mental disorders","Number","167"
"HRA71C01","Psychiatric In-patients (Number)","2016","2016","1","Male","03","Schizophrenia","Number",""
"HRA71C01","Psychiatric In-patients (Number)","2016","2016","1","Male","04","Schizophrenia, schizotypal and delusional disorders","Number","475"
"HRA71C01","Psychiatric In-patients (Number)","2016","2016","1","Male","05","Other psychoses","Number",""
"HRA71C01","Psychiatric In-patients (Number)","2016","2016","1","Male","06","Depressive disorders","Number","143"
"HRA71C01","Psychiatric In-patients (Number)","2016","2016","1","Male","07","Mania","Number","83"
"HRA71C01","Psychiatric In-patients (Number)","2016","2016","1","Male","08","Neuroses","Number","37"
"HRA71C01","Psychiatric In-patients (Number)","2016","2016","1","Male","09","Personality disorders","Number",""
"HRA71C01","Psychiatric In-patients (Number)","2016","2016","1","Male","10","Personality and behavioural disorders","Number","24"
"HRA71C01","Psychiatric In-patients (Number)","2016","2016","1","Male","11","Alcoholic disorders","Number","37"
"HRA71C01","Psychiatric In-patients (Number)","2016","2016","1","Male","12","Drug dependence","Number",""
"HRA71C01","Psychiatric In-patients (Number)","2016","2016","1","Male","13","Other drug disorders","Number","27"
"HRA71C01","Psychiatric In-patients (Number)","2016","2016","1","Male","14","Mental handicap","Number",""
"HRA71C01","Psychiatric In-patients (Number)","2016","2016","1","Male","15","Eating disorders","Number",""
"HRA71C01","Psychiatric In-patients (Number)","2016","2016","1","Male","16","Intellectual disability","Number","83"
"HRA71C01","Psychiatric In-patients (Number)","2016","2016","1","Male","17","Development disorders","Number","8"
"HRA71C01","Psychiatric In-patients (Number)","2016","2016","1","Male","18","Behavioural, emotional disorders of childhood and adolescence","Number","0"
"HRA71C01","Psychiatric In-patients (Number)","2016","2016","1","Male","19","Other and unspecified","Number","146"
"HRA71C01","Psychiatric In-patients (Number)","2016","2016","1","Male","20","Unspecified","Number",""
"HRA71C01","Psychiatric In-patients (Number)","2016","2016","1","Male","21","All disorders","Number","1231"
"HRA71C01","Psychiatric In-patients (Number)","2016","2016","2","Female","01","Organic category","Number",""
"HRA71C01","Psychiatric In-patients (Number)","2016","2016","2","Female","02","Organic mental disorders","Number","114"
"HRA71C01","Psychiatric In-patients (Number)","2016","2016","2","Female","03","Schizophrenia","Number",""
"HRA71C01","Psychiatric In-patients (Number)","2016","2016","2","Female","04","Schizophrenia, schizotypal and delusional disorders","Number","298"
"HRA71C01","Psychiatric In-patients (Number)","2016","2016","2","Female","05","Other psychoses","Number",""
"HRA71C01","Psychiatric In-patients (Number)","2016","2016","2","Female","06","Depressive disorders","Number","203"
"HRA71C01","Psychiatric In-patients (Number)","2016","2016","2","Female","07","Mania","Number","112"
"HRA71C01","Psychiatric In-patients (Number)","2016","2016","2","Female","08","Neuroses","Number","46"
"HRA71C01","Psychiatric In-patients (Number)","2016","2016","2","Female","09","Personality disorders","Number",""
"HRA71C01","Psychiatric In-patients (Number)","2016","2016","2","Female","10","Personality and behavioural disorders","Number","50"
"HRA71C01","Psychiatric In-patients (Number)","2016","2016","2","Female","11","Alcoholic disorders","Number","24"
"HRA71C01","Psychiatric In-patients (Number)","2016","2016","2","Female","12","Drug dependence","Number",""
"HRA71C01","Psychiatric In-patients (Number)","2016","2016","2","Female","13","Other drug disorders","Number","10"
"HRA71C01","Psychiatric In-patients (Number)","2016","2016","2","Female","14","Mental handicap","Number",""
"HRA71C01","Psychiatric In-patients (Number)","2016","2016","2","Female","15","Eating disorders","Number","21"
"HRA71C01","Psychiatric In-patients (Number)","2016","2016","2","Female","16","Intellectual disability","Number","39"
"HRA71C01","Psychiatric In-patients (Number)","2016","2016","2","Female","17","Development disorders","Number",""
"HRA71C01","Psychiatric In-patients (Number)","2016","2016","2","Female","18","Behavioural, emotional disorders of childhood and adolescence","Number",""
"HRA71C01","Psychiatric In-patients (Number)","2016","2016","2","Female","19","Other and unspecified","Number","127"
"HRA71C01","Psychiatric In-patients (Number)","2016","2016","2","Female","20","Unspecified","Number",""
"HRA71C01","Psychiatric In-patients (Number)","2016","2016","2","Female","21","All disorders","Number","1047"
"HRA71C01","Psychiatric In-patients (Number)","2017","2017","-","Both sexes","01","Organic category","Number",""
"HRA71C01","Psychiatric In-patients (Number)","2017","2017","-","Both sexes","02","Organic mental disorders","Number","273"
"HRA71C01","Psychiatric In-patients (Number)","2017","2017","-","Both sexes","03","Schizophrenia","Number",""
"HRA71C01","Psychiatric In-patients (Number)","2017","2017","-","Both sexes","04","Schizophrenia, schizotypal and delusional disorders","Number","768"
"HRA71C01","Psychiatric In-patients (Number)","2017","2017","-","Both sexes","05","Other psychoses","Number",""
"HRA71C01","Psychiatric In-patients (Number)","2017","2017","-","Both sexes","06","Depressive disorders","Number","310"
"HRA71C01","Psychiatric In-patients (Number)","2017","2017","-","Both sexes","07","Mania","Number","190"
"HRA71C01","Psychiatric In-patients (Number)","2017","2017","-","Both sexes","08","Neuroses","Number","73"
"HRA71C01","Psychiatric In-patients (Number)","2017","2017","-","Both sexes","09","Personality disorders","Number",""
"HRA71C01","Psychiatric In-patients (Number)","2017","2017","-","Both sexes","10","Personality and behavioural disorders","Number","88"
"HRA71C01","Psychiatric In-patients (Number)","2017","2017","-","Both sexes","11","Alcoholic disorders","Number","83"
"HRA71C01","Psychiatric In-patients (Number)","2017","2017","-","Both sexes","12","Drug dependence","Number",""
"HRA71C01","Psychiatric In-patients (Number)","2017","2017","-","Both sexes","13","Other drug disorders","Number","35"
"HRA71C01","Psychiatric In-patients (Number)","2017","2017","-","Both sexes","14","Mental handicap","Number",""
"HRA71C01","Psychiatric In-patients (Number)","2017","2017","-","Both sexes","15","Eating disorders","Number","12"
"HRA71C01","Psychiatric In-patients (Number)","2017","2017","-","Both sexes","16","Intellectual disability","Number","120"
"HRA71C01","Psychiatric In-patients (Number)","2017","2017","-","Both sexes","17","Development disorders","Number","11"
"HRA71C01","Psychiatric In-patients (Number)","2017","2017","-","Both sexes","18","Behavioural, emotional disorders of childhood and adolescence","Number",""
"HRA71C01","Psychiatric In-patients (Number)","2017","2017","-","Both sexes","19","Other and unspecified","Number","360"
"HRA71C01","Psychiatric In-patients (Number)","2017","2017","-","Both sexes","20","Unspecified","Number",""
"HRA71C01","Psychiatric In-patients (Number)","2017","2017","-","Both sexes","21","All disorders","Number","2324"
"HRA71C01","Psychiatric In-patients (Number)","2017","2017","1","Male","01","Organic category","Number",""
"HRA71C01","Psychiatric In-patients (Number)","2017","2017","1","Male","02","Organic mental disorders","Number","168"
"HRA71C01","Psychiatric In-patients (Number)","2017","2017","1","Male","03","Schizophrenia","Number",""
"HRA71C01","Psychiatric In-patients (Number)","2017","2017","1","Male","04","Schizophrenia, schizotypal and delusional disorders","Number","479"
"HRA71C01","Psychiatric In-patients (Number)","2017","2017","1","Male","05","Other psychoses","Number",""
"HRA71C01","Psychiatric In-patients (Number)","2017","2017","1","Male","06","Depressive disorders","Number","141"
"HRA71C01","Psychiatric In-patients (Number)","2017","2017","1","Male","07","Mania","Number","90"
"HRA71C01","Psychiatric In-patients (Number)","2017","2017","1","Male","08","Neuroses","Number","28"
"HRA71C01","Psychiatric In-patients (Number)","2017","2017","1","Male","09","Personality disorders","Number",""
"HRA71C01","Psychiatric In-patients (Number)","2017","2017","1","Male","10","Personality and behavioural disorders","Number","27"
"HRA71C01","Psychiatric In-patients (Number)","2017","2017","1","Male","11","Alcoholic disorders","Number","52"
"HRA71C01","Psychiatric In-patients (Number)","2017","2017","1","Male","12","Drug dependence","Number",""
"HRA71C01","Psychiatric In-patients (Number)","2017","2017","1","Male","13","Other drug disorders","Number","26"
"HRA71C01","Psychiatric In-patients (Number)","2017","2017","1","Male","14","Mental handicap","Number",""
"HRA71C01","Psychiatric In-patients (Number)","2017","2017","1","Male","15","Eating disorders","Number",""
"HRA71C01","Psychiatric In-patients (Number)","2017","2017","1","Male","16","Intellectual disability","Number","82"
"HRA71C01","Psychiatric In-patients (Number)","2017","2017","1","Male","17","Development disorders","Number","11"
"HRA71C01","Psychiatric In-patients (Number)","2017","2017","1","Male","18","Behavioural, emotional disorders of childhood and adolescence","Number",""
"HRA71C01","Psychiatric In-patients (Number)","2017","2017","1","Male","19","Other and unspecified","Number","175"
"HRA71C01","Psychiatric In-patients (Number)","2017","2017","1","Male","20","Unspecified","Number",""
"HRA71C01","Psychiatric In-patients (Number)","2017","2017","1","Male","21","All disorders","Number","1282"
"HRA71C01","Psychiatric In-patients (Number)","2017","2017","2","Female","01","Organic category","Number",""
"HRA71C01","Psychiatric In-patients (Number)","2017","2017","2","Female","02","Organic mental disorders","Number","105"
"HRA71C01","Psychiatric In-patients (Number)","2017","2017","2","Female","03","Schizophrenia","Number",""
"HRA71C01","Psychiatric In-patients (Number)","2017","2017","2","Female","04","Schizophrenia, schizotypal and delusional disorders","Number","289"
"HRA71C01","Psychiatric In-patients (Number)","2017","2017","2","Female","05","Other psychoses","Number",""
"HRA71C01","Psychiatric In-patients (Number)","2017","2017","2","Female","06","Depressive disorders","Number","169"
"HRA71C01","Psychiatric In-patients (Number)","2017","2017","2","Female","07","Mania","Number","100"
"HRA71C01","Psychiatric In-patients (Number)","2017","2017","2","Female","08","Neuroses","Number","45"
"HRA71C01","Psychiatric In-patients (Number)","2017","2017","2","Female","09","Personality disorders","Number",""
"HRA71C01","Psychiatric In-patients (Number)","2017","2017","2","Female","10","Personality and behavioural disorders","Number","61"
"HRA71C01","Psychiatric In-patients (Number)","2017","2017","2","Female","11","Alcoholic disorders","Number","31"
"HRA71C01","Psychiatric In-patients (Number)","2017","2017","2","Female","12","Drug dependence","Number",""
"HRA71C01","Psychiatric In-patients (Number)","2017","2017","2","Female","13","Other drug disorders","Number","9"
"HRA71C01","Psychiatric In-patients (Number)","2017","2017","2","Female","14","Mental handicap","Number",""
"HRA71C01","Psychiatric In-patients (Number)","2017","2017","2","Female","15","Eating disorders","Number","10"
"HRA71C01","Psychiatric In-patients (Number)","2017","2017","2","Female","16","Intellectual disability","Number","38"
"HRA71C01","Psychiatric In-patients (Number)","2017","2017","2","Female","17","Development disorders","Number","0"
"HRA71C01","Psychiatric In-patients (Number)","2017","2017","2","Female","18","Behavioural, emotional disorders of childhood and adolescence","Number","0"
"HRA71C01","Psychiatric In-patients (Number)","2017","2017","2","Female","19","Other and unspecified","Number","185"
"HRA71C01","Psychiatric In-patients (Number)","2017","2017","2","Female","20","Unspecified","Number",""
"HRA71C01","Psychiatric In-patients (Number)","2017","2017","2","Female","21","All disorders","Number","1042"
"HRA71C01","Psychiatric In-patients (Number)","2018","2018","-","Both sexes","01","Organic category","Number",""
"HRA71C01","Psychiatric In-patients (Number)","2018","2018","-","Both sexes","02","Organic mental disorders","Number","257"
"HRA71C01","Psychiatric In-patients (Number)","2018","2018","-","Both sexes","03","Schizophrenia","Number",""
"HRA71C01","Psychiatric In-patients (Number)","2018","2018","-","Both sexes","04","Schizophrenia, schizotypal and delusional disorders","Number","793"
"HRA71C01","Psychiatric In-patients (Number)","2018","2018","-","Both sexes","05","Other psychoses","Number",""
"HRA71C01","Psychiatric In-patients (Number)","2018","2018","-","Both sexes","06","Depressive disorders","Number","338"
"HRA71C01","Psychiatric In-patients (Number)","2018","2018","-","Both sexes","07","Mania","Number","163"
"HRA71C01","Psychiatric In-patients (Number)","2018","2018","-","Both sexes","08","Neuroses","Number","93"
"HRA71C01","Psychiatric In-patients (Number)","2018","2018","-","Both sexes","09","Personality disorders","Number",""
"HRA71C01","Psychiatric In-patients (Number)","2018","2018","-","Both sexes","10","Personality and behavioural disorders","Number","81"
"HRA71C01","Psychiatric In-patients (Number)","2018","2018","-","Both sexes","11","Alcoholic disorders","Number","74"
"HRA71C01","Psychiatric In-patients (Number)","2018","2018","-","Both sexes","12","Drug dependence","Number",""
"HRA71C01","Psychiatric In-patients (Number)","2018","2018","-","Both sexes","13","Other drug disorders","Number","45"
"HRA71C01","Psychiatric In-patients (Number)","2018","2018","-","Both sexes","14","Mental handicap","Number",""
"HRA71C01","Psychiatric In-patients (Number)","2018","2018","-","Both sexes","15","Eating disorders","Number","20"
"HRA71C01","Psychiatric In-patients (Number)","2018","2018","-","Both sexes","16","Intellectual disability","Number","107"
"HRA71C01","Psychiatric In-patients (Number)","2018","2018","-","Both sexes","17","Development disorders","Number","12"
"HRA71C01","Psychiatric In-patients (Number)","2018","2018","-","Both sexes","18","Behavioural, emotional disorders of childhood and adolescence","Number","0"
"HRA71C01","Psychiatric In-patients (Number)","2018","2018","-","Both sexes","19","Other and unspecified","Number","373"
"HRA71C01","Psychiatric In-patients (Number)","2018","2018","-","Both sexes","20","Unspecified","Number",""
"HRA71C01","Psychiatric In-patients (Number)","2018","2018","-","Both sexes","21","All disorders","Number","2356"
"HRA71C01","Psychiatric In-patients (Number)","2018","2018","1","Male","01","Organic category","Number",""
"HRA71C01","Psychiatric In-patients (Number)","2018","2018","1","Male","02","Organic mental disorders","Number","157"
"HRA71C01","Psychiatric In-patients (Number)","2018","2018","1","Male","03","Schizophrenia","Number",""
"HRA71C01","Psychiatric In-patients (Number)","2018","2018","1","Male","04","Schizophrenia, schizotypal and delusional disorders","Number","499"
"HRA71C01","Psychiatric In-patients (Number)","2018","2018","1","Male","05","Other psychoses","Number",""
"HRA71C01","Psychiatric In-patients (Number)","2018","2018","1","Male","06","Depressive disorders","Number","146"
"HRA71C01","Psychiatric In-patients (Number)","2018","2018","1","Male","07","Mania","Number","66"
"HRA71C01","Psychiatric In-patients (Number)","2018","2018","1","Male","08","Neuroses","Number","40"
"HRA71C01","Psychiatric In-patients (Number)","2018","2018","1","Male","09","Personality disorders","Number",""
"HRA71C01","Psychiatric In-patients (Number)","2018","2018","1","Male","10","Personality and behavioural disorders","Number","29"
"HRA71C01","Psychiatric In-patients (Number)","2018","2018","1","Male","11","Alcoholic disorders","Number","36"
"HRA71C01","Psychiatric In-patients (Number)","2018","2018","1","Male","12","Drug dependence","Number",""
"HRA71C01","Psychiatric In-patients (Number)","2018","2018","1","Male","13","Other drug disorders","Number","33"
"HRA71C01","Psychiatric In-patients (Number)","2018","2018","1","Male","14","Mental handicap","Number",""
"HRA71C01","Psychiatric In-patients (Number)","2018","2018","1","Male","15","Eating disorders","Number",""
"HRA71C01","Psychiatric In-patients (Number)","2018","2018","1","Male","16","Intellectual disability","Number","72"
"HRA71C01","Psychiatric In-patients (Number)","2018","2018","1","Male","17","Development disorders","Number","12"
"HRA71C01","Psychiatric In-patients (Number)","2018","2018","1","Male","18","Behavioural, emotional disorders of childhood and adolescence","Number","0"
"HRA71C01","Psychiatric In-patients (Number)","2018","2018","1","Male","19","Other and unspecified","Number","179"
"HRA71C01","Psychiatric In-patients (Number)","2018","2018","1","Male","20","Unspecified","Number",""
"HRA71C01","Psychiatric In-patients (Number)","2018","2018","1","Male","21","All disorders","Number","1270"
"HRA71C01","Psychiatric In-patients (Number)","2018","2018","2","Female","01","Organic category","Number",""
"HRA71C01","Psychiatric In-patients (Number)","2018","2018","2","Female","02","Organic mental disorders","Number","100"
"HRA71C01","Psychiatric In-patients (Number)","2018","2018","2","Female","03","Schizophrenia","Number",""
"HRA71C01","Psychiatric In-patients (Number)","2018","2018","2","Female","04","Schizophrenia, schizotypal and delusional disorders","Number","294"
"HRA71C01","Psychiatric In-patients (Number)","2018","2018","2","Female","05","Other psychoses","Number",""
"HRA71C01","Psychiatric In-patients (Number)","2018","2018","2","Female","06","Depressive disorders","Number","192"
"HRA71C01","Psychiatric In-patients (Number)","2018","2018","2","Female","07","Mania","Number","97"
"HRA71C01","Psychiatric In-patients (Number)","2018","2018","2","Female","08","Neuroses","Number","53"
"HRA71C01","Psychiatric In-patients (Number)","2018","2018","2","Female","09","Personality disorders","Number",""
"HRA71C01","Psychiatric In-patients (Number)","2018","2018","2","Female","10","Personality and behavioural disorders","Number","52"
"HRA71C01","Psychiatric In-patients (Number)","2018","2018","2","Female","11","Alcoholic disorders","Number","38"
"HRA71C01","Psychiatric In-patients (Number)","2018","2018","2","Female","12","Drug dependence","Number",""
"HRA71C01","Psychiatric In-patients (Number)","2018","2018","2","Female","13","Other drug disorders","Number","12"
"HRA71C01","Psychiatric In-patients (Number)","2018","2018","2","Female","14","Mental handicap","Number",""
"HRA71C01","Psychiatric In-patients (Number)","2018","2018","2","Female","15","Eating disorders","Number","19"
"HRA71C01","Psychiatric In-patients (Number)","2018","2018","2","Female","16","Intellectual disability","Number","35"
"HRA71C01","Psychiatric In-patients (Number)","2018","2018","2","Female","17","Development disorders","Number","0"
"HRA71C01","Psychiatric In-patients (Number)","2018","2018","2","Female","18","Behavioural, emotional disorders of childhood and adolescence","Number","0"
"HRA71C01","Psychiatric In-patients (Number)","2018","2018","2","Female","19","Other and unspecified","Number","194"
"HRA71C01","Psychiatric In-patients (Number)","2018","2018","2","Female","20","Unspecified","Number",""
"HRA71C01","Psychiatric In-patients (Number)","2018","2018","2","Female","21","All disorders","Number","1086"
"HRA71C01","Psychiatric In-patients (Number)","2019","2019","-","Both sexes","01","Organic category","Number",""
"HRA71C01","Psychiatric In-patients (Number)","2019","2019","-","Both sexes","02","Organic mental disorders","Number","199"
"HRA71C01","Psychiatric In-patients (Number)","2019","2019","-","Both sexes","03","Schizophrenia","Number",""
"HRA71C01","Psychiatric In-patients (Number)","2019","2019","-","Both sexes","04","Schizophrenia, schizotypal and delusional disorders","Number","815"
"HRA71C01","Psychiatric In-patients (Number)","2019","2019","-","Both sexes","05","Other psychoses","Number",""
"HRA71C01","Psychiatric In-patients (Number)","2019","2019","-","Both sexes","06","Depressive disorders","Number","306"
"HRA71C01","Psychiatric In-patients (Number)","2019","2019","-","Both sexes","07","Mania","Number","172"
"HRA71C01","Psychiatric In-patients (Number)","2019","2019","-","Both sexes","08","Neuroses","Number","104"
"HRA71C01","Psychiatric In-patients (Number)","2019","2019","-","Both sexes","09","Personality disorders","Number",""
"HRA71C01","Psychiatric In-patients (Number)","2019","2019","-","Both sexes","10","Personality and behavioural disorders","Number","87"
"HRA71C01","Psychiatric In-patients (Number)","2019","2019","-","Both sexes","11","Alcoholic disorders","Number","66"
"HRA71C01","Psychiatric In-patients (Number)","2019","2019","-","Both sexes","12","Drug dependence","Number",""
"HRA71C01","Psychiatric In-patients (Number)","2019","2019","-","Both sexes","13","Other drug disorders","Number","45"
"HRA71C01","Psychiatric In-patients (Number)","2019","2019","-","Both sexes","14","Mental handicap","Number",""
"HRA71C01","Psychiatric In-patients (Number)","2019","2019","-","Both sexes","15","Eating disorders","Number","15"
"HRA71C01","Psychiatric In-patients (Number)","2019","2019","-","Both sexes","16","Intellectual disability","Number","94"
"HRA71C01","Psychiatric In-patients (Number)","2019","2019","-","Both sexes","17","Development disorders","Number","11"
"HRA71C01","Psychiatric In-patients (Number)","2019","2019","-","Both sexes","18","Behavioural, emotional disorders of childhood and adolescence","Number",""
"HRA71C01","Psychiatric In-patients (Number)","2019","2019","-","Both sexes","19","Other and unspecified","Number","283"
"HRA71C01","Psychiatric In-patients (Number)","2019","2019","-","Both sexes","20","Unspecified","Number",""
"HRA71C01","Psychiatric In-patients (Number)","2019","2019","-","Both sexes","21","All disorders","Number","2198"
"HRA71C01","Psychiatric In-patients (Number)","2019","2019","1","Male","01","Organic category","Number",""
"HRA71C01","Psychiatric In-patients (Number)","2019","2019","1","Male","02","Organic mental disorders","Number","120"
"HRA71C01","Psychiatric In-patients (Number)","2019","2019","1","Male","03","Schizophrenia","Number",""
"HRA71C01","Psychiatric In-patients (Number)","2019","2019","1","Male","04","Schizophrenia, schizotypal and delusional disorders","Number","510"
"HRA71C01","Psychiatric In-patients (Number)","2019","2019","1","Male","05","Other psychoses","Number",""
"HRA71C01","Psychiatric In-patients (Number)","2019","2019","1","Male","06","Depressive disorders","Number","122"
"HRA71C01","Psychiatric In-patients (Number)","2019","2019","1","Male","07","Mania","Number","82"
"HRA71C01","Psychiatric In-patients (Number)","2019","2019","1","Male","08","Neuroses","Number","50"
"HRA71C01","Psychiatric In-patients (Number)","2019","2019","1","Male","09","Personality disorders","Number",""
"HRA71C01","Psychiatric In-patients (Number)","2019","2019","1","Male","10","Personality and behavioural disorders","Number","29"
"HRA71C01","Psychiatric In-patients (Number)","2019","2019","1","Male","11","Alcoholic disorders","Number","35"
"HRA71C01","Psychiatric In-patients (Number)","2019","2019","1","Male","12","Drug dependence","Number",""
"HRA71C01","Psychiatric In-patients (Number)","2019","2019","1","Male","13","Other drug disorders","Number","35"
"HRA71C01","Psychiatric In-patients (Number)","2019","2019","1","Male","14","Mental handicap","Number",""
"HRA71C01","Psychiatric In-patients (Number)","2019","2019","1","Male","15","Eating disorders","Number",""
"HRA71C01","Psychiatric In-patients (Number)","2019","2019","1","Male","16","Intellectual disability","Number","69"
"HRA71C01","Psychiatric In-patients (Number)","2019","2019","1","Male","17","Development disorders","Number","8"
"HRA71C01","Psychiatric In-patients (Number)","2019","2019","1","Male","18","Behavioural, emotional disorders of childhood and adolescence","Number","0"
"HRA71C01","Psychiatric In-patients (Number)","2019","2019","1","Male","19","Other and unspecified","Number","149"
"HRA71C01","Psychiatric In-patients (Number)","2019","2019","1","Male","20","Unspecified","Number",""
"HRA71C01","Psychiatric In-patients (Number)","2019","2019","1","Male","21","All disorders","Number","1212"
"HRA71C01","Psychiatric In-patients (Number)","2019","2019","2","Female","01","Organic category","Number",""
"HRA71C01","Psychiatric In-patients (Number)","2019","2019","2","Female","02","Organic mental disorders","Number","79"
"HRA71C01","Psychiatric In-patients (Number)","2019","2019","2","Female","03","Schizophrenia","Number",""
"HRA71C01","Psychiatric In-patients (Number)","2019","2019","2","Female","04","Schizophrenia, schizotypal and delusional disorders","Number","305"
"HRA71C01","Psychiatric In-patients (Number)","2019","2019","2","Female","05","Other psychoses","Number",""
"HRA71C01","Psychiatric In-patients (Number)","2019","2019","2","Female","06","Depressive disorders","Number","184"
"HRA71C01","Psychiatric In-patients (Number)","2019","2019","2","Female","07","Mania","Number","90"
"HRA71C01","Psychiatric In-patients (Number)","2019","2019","2","Female","08","Neuroses","Number","54"
"HRA71C01","Psychiatric In-patients (Number)","2019","2019","2","Female","09","Personality disorders","Number",""
"HRA71C01","Psychiatric In-patients (Number)","2019","2019","2","Female","10","Personality and behavioural disorders","Number","58"
"HRA71C01","Psychiatric In-patients (Number)","2019","2019","2","Female","11","Alcoholic disorders","Number","31"
"HRA71C01","Psychiatric In-patients (Number)","2019","2019","2","Female","12","Drug dependence","Number",""
"HRA71C01","Psychiatric In-patients (Number)","2019","2019","2","Female","13","Other drug disorders","Number","10"
"HRA71C01","Psychiatric In-patients (Number)","2019","2019","2","Female","14","Mental handicap","Number",""
"HRA71C01","Psychiatric In-patients (Number)","2019","2019","2","Female","15","Eating disorders","Number","12"
"HRA71C01","Psychiatric In-patients (Number)","2019","2019","2","Female","16","Intellectual disability","Number","25"
"HRA71C01","Psychiatric In-patients (Number)","2019","2019","2","Female","17","Development disorders","Number",""
"HRA71C01","Psychiatric In-patients (Number)","2019","2019","2","Female","18","Behavioural, emotional disorders of childhood and adolescence","Number",""
"HRA71C01","Psychiatric In-patients (Number)","2019","2019","2","Female","19","Other and unspecified","Number","134"
"HRA71C01","Psychiatric In-patients (Number)","2019","2019","2","Female","20","Unspecified","Number",""
"HRA71C01","Psychiatric In-patients (Number)","2019","2019","2","Female","21","All disorders","Number","986"
"HRA71C01","Psychiatric In-patients (Number)","2020","2020","-","Both sexes","01","Organic category","Number",""
"HRA71C01","Psychiatric In-patients (Number)","2020","2020","-","Both sexes","02","Organic mental disorders","Number","181"
"HRA71C01","Psychiatric In-patients (Number)","2020","2020","-","Both sexes","03","Schizophrenia","Number",""
"HRA71C01","Psychiatric In-patients (Number)","2020","2020","-","Both sexes","04","Schizophrenia, schizotypal and delusional disorders","Number","682"
"HRA71C01","Psychiatric In-patients (Number)","2020","2020","-","Both sexes","05","Other psychoses","Number",""
"HRA71C01","Psychiatric In-patients (Number)","2020","2020","-","Both sexes","06","Depressive disorders","Number","233"
"HRA71C01","Psychiatric In-patients (Number)","2020","2020","-","Both sexes","07","Mania","Number","135"
"HRA71C01","Psychiatric In-patients (Number)","2020","2020","-","Both sexes","08","Neuroses","Number","76"
"HRA71C01","Psychiatric In-patients (Number)","2020","2020","-","Both sexes","09","Personality disorders","Number",""
"HRA71C01","Psychiatric In-patients (Number)","2020","2020","-","Both sexes","10","Personality and behavioural disorders","Number","73"
"HRA71C01","Psychiatric In-patients (Number)","2020","2020","-","Both sexes","11","Alcoholic disorders","Number","52"
"HRA71C01","Psychiatric In-patients (Number)","2020","2020","-","Both sexes","12","Drug dependence","Number",""
"HRA71C01","Psychiatric In-patients (Number)","2020","2020","-","Both sexes","13","Other drug disorders","Number","31"
"HRA71C01","Psychiatric In-patients (Number)","2020","2020","-","Both sexes","14","Mental handicap","Number",""
"HRA71C01","Psychiatric In-patients (Number)","2020","2020","-","Both sexes","15","Eating disorders","Number","23"
"HRA71C01","Psychiatric In-patients (Number)","2020","2020","-","Both sexes","16","Intellectual disability","Number","85"
"HRA71C01","Psychiatric In-patients (Number)","2020","2020","-","Both sexes","17","Development disorders","Number","10"
"HRA71C01","Psychiatric In-patients (Number)","2020","2020","-","Both sexes","18","Behavioural, emotional disorders of childhood and adolescence","Number",""
"HRA71C01","Psychiatric In-patients (Number)","2020","2020","-","Both sexes","19","Other and unspecified","Number","244"
"HRA71C01","Psychiatric In-patients (Number)","2020","2020","-","Both sexes","20","Unspecified","Number",""
"HRA71C01","Psychiatric In-patients (Number)","2020","2020","-","Both sexes","21","All disorders","Number","1826"
"HRA71C01","Psychiatric In-patients (Number)","2020","2020","1","Male","01","Organic category","Number",""
"HRA71C01","Psychiatric In-patients (Number)","2020","2020","1","Male","02","Organic mental disorders","Number","103"
"HRA71C01","Psychiatric In-patients (Number)","2020","2020","1","Male","03","Schizophrenia","Number",""
"HRA71C01","Psychiatric In-patients (Number)","2020","2020","1","Male","04","Schizophrenia, schizotypal and delusional disorders","Number","429"
"HRA71C01","Psychiatric In-patients (Number)","2020","2020","1","Male","05","Other psychoses","Number",""
"HRA71C01","Psychiatric In-patients (Number)","2020","2020","1","Male","06","Depressive disorders","Number","101"
"HRA71C01","Psychiatric In-patients (Number)","2020","2020","1","Male","07","Mania","Number","61"
"HRA71C01","Psychiatric In-patients (Number)","2020","2020","1","Male","08","Neuroses","Number","25"
"HRA71C01","Psychiatric In-patients (Number)","2020","2020","1","Male","09","Personality disorders","Number",""
"HRA71C01","Psychiatric In-patients (Number)","2020","2020","1","Male","10","Personality and behavioural disorders","Number","21"
"HRA71C01","Psychiatric In-patients (Number)","2020","2020","1","Male","11","Alcoholic disorders","Number","32"
"HRA71C01","Psychiatric In-patients (Number)","2020","2020","1","Male","12","Drug dependence","Number",""
"HRA71C01","Psychiatric In-patients (Number)","2020","2020","1","Male","13","Other drug disorders","Number","22"
"HRA71C01","Psychiatric In-patients (Number)","2020","2020","1","Male","14","Mental handicap","Number",""
"HRA71C01","Psychiatric In-patients (Number)","2020","2020","1","Male","15","Eating disorders","Number",""
"HRA71C01","Psychiatric In-patients (Number)","2020","2020","1","Male","16","Intellectual disability","Number","63"
"HRA71C01","Psychiatric In-patients (Number)","2020","2020","1","Male","17","Development disorders","Number",""
"HRA71C01","Psychiatric In-patients (Number)","2020","2020","1","Male","18","Behavioural, emotional disorders of childhood and adolescence","Number",""
"HRA71C01","Psychiatric In-patients (Number)","2020","2020","1","Male","19","Other and unspecified","Number","131"
"HRA71C01","Psychiatric In-patients (Number)","2020","2020","1","Male","20","Unspecified","Number",""
"HRA71C01","Psychiatric In-patients (Number)","2020","2020","1","Male","21","All disorders","Number","1001"
"HRA71C01","Psychiatric In-patients (Number)","2020","2020","2","Female","01","Organic category","Number",""
"HRA71C01","Psychiatric In-patients (Number)","2020","2020","2","Female","02","Organic mental disorders","Number","78"
"HRA71C01","Psychiatric In-patients (Number)","2020","2020","2","Female","03","Schizophrenia","Number",""
"HRA71C01","Psychiatric In-patients (Number)","2020","2020","2","Female","04","Schizophrenia, schizotypal and delusional disorders","Number","253"
"HRA71C01","Psychiatric In-patients (Number)","2020","2020","2","Female","05","Other psychoses","Number",""
"HRA71C01","Psychiatric In-patients (Number)","2020","2020","2","Female","06","Depressive disorders","Number","132"
"HRA71C01","Psychiatric In-patients (Number)","2020","2020","2","Female","07","Mania","Number","74"
"HRA71C01","Psychiatric In-patients (Number)","2020","2020","2","Female","08","Neuroses","Number","51"
"HRA71C01","Psychiatric In-patients (Number)","2020","2020","2","Female","09","Personality disorders","Number",""
"HRA71C01","Psychiatric In-patients (Number)","2020","2020","2","Female","10","Personality and behavioural disorders","Number","52"
"HRA71C01","Psychiatric In-patients (Number)","2020","2020","2","Female","11","Alcoholic disorders","Number","20"
"HRA71C01","Psychiatric In-patients (Number)","2020","2020","2","Female","12","Drug dependence","Number",""
"HRA71C01","Psychiatric In-patients (Number)","2020","2020","2","Female","13","Other drug disorders","Number","9"
"HRA71C01","Psychiatric In-patients (Number)","2020","2020","2","Female","14","Mental handicap","Number",""
"HRA71C01","Psychiatric In-patients (Number)","2020","2020","2","Female","15","Eating disorders","Number",""
"HRA71C01","Psychiatric In-patients (Number)","2020","2020","2","Female","16","Intellectual disability","Number","22"
"HRA71C01","Psychiatric In-patients (Number)","2020","2020","2","Female","17","Development disorders","Number",""
"HRA71C01","Psychiatric In-patients (Number)","2020","2020","2","Female","18","Behavioural, emotional disorders of childhood and adolescence","Number",""
"HRA71C01","Psychiatric In-patients (Number)","2020","2020","2","Female","19","Other and unspecified","Number","113"
"HRA71C01","Psychiatric In-patients (Number)","2020","2020","2","Female","20","Unspecified","Number",""
"HRA71C01","Psychiatric In-patients (Number)","2020","2020","2","Female","21","All disorders","Number","825"
"HRA71C01","Psychiatric In-patients (Number)","2021","2021","-","Both sexes","01","Organic category","Number",""
"HRA71C01","Psychiatric In-patients (Number)","2021","2021","-","Both sexes","02","Organic mental disorders","Number","149"
"HRA71C01","Psychiatric In-patients (Number)","2021","2021","-","Both sexes","03","Schizophrenia","Number",""
"HRA71C01","Psychiatric In-patients (Number)","2021","2021","-","Both sexes","04","Schizophrenia, schizotypal and delusional disorders","Number","713"
"HRA71C01","Psychiatric In-patients (Number)","2021","2021","-","Both sexes","05","Other psychoses","Number",""
"HRA71C01","Psychiatric In-patients (Number)","2021","2021","-","Both sexes","06","Depressive disorders","Number","250"
"HRA71C01","Psychiatric In-patients (Number)","2021","2021","-","Both sexes","07","Mania","Number","150"
"HRA71C01","Psychiatric In-patients (Number)","2021","2021","-","Both sexes","08","Neuroses","Number","94"
"HRA71C01","Psychiatric In-patients (Number)","2021","2021","-","Both sexes","09","Personality disorders","Number",""
"HRA71C01","Psychiatric In-patients (Number)","2021","2021","-","Both sexes","10","Personality and behavioural disorders","Number","63"
"HRA71C01","Psychiatric In-patients (Number)","2021","2021","-","Both sexes","11","Alcoholic disorders","Number","59"
"HRA71C01","Psychiatric In-patients (Number)","2021","2021","-","Both sexes","12","Drug dependence","Number",""
"HRA71C01","Psychiatric In-patients (Number)","2021","2021","-","Both sexes","13","Other drug disorders","Number","33"
"HRA71C01","Psychiatric In-patients (Number)","2021","2021","-","Both sexes","14","Mental handicap","Number",""
"HRA71C01","Psychiatric In-patients (Number)","2021","2021","-","Both sexes","15","Eating disorders","Number","27"
"HRA71C01","Psychiatric In-patients (Number)","2021","2021","-","Both sexes","16","Intellectual disability","Number","73"
"HRA71C01","Psychiatric In-patients (Number)","2021","2021","-","Both sexes","17","Development disorders","Number","10"
"HRA71C01","Psychiatric In-patients (Number)","2021","2021","-","Both sexes","18","Behavioural, emotional disorders of childhood and adolescence","Number",""
"HRA71C01","Psychiatric In-patients (Number)","2021","2021","-","Both sexes","19","Other and unspecified","Number","249"
"HRA71C01","Psychiatric In-patients (Number)","2021","2021","-","Both sexes","20","Unspecified","Number",""
"HRA71C01","Psychiatric In-patients (Number)","2021","2021","-","Both sexes","21","All disorders","Number","1871"
"HRA71C01","Psychiatric In-patients (Number)","2021","2021","1","Male","01","Organic category","Number",""
"HRA71C01","Psychiatric In-patients (Number)","2021","2021","1","Male","02","Organic mental disorders","Number","82"
"HRA71C01","Psychiatric In-patients (Number)","2021","2021","1","Male","03","Schizophrenia","Number",""
"HRA71C01","Psychiatric In-patients (Number)","2021","2021","1","Male","04","Schizophrenia, schizotypal and delusional disorders","Number","444"
"HRA71C01","Psychiatric In-patients (Number)","2021","2021","1","Male","05","Other psychoses","Number",""
"HRA71C01","Psychiatric In-patients (Number)","2021","2021","1","Male","06","Depressive disorders","Number","112"
"HRA71C01","Psychiatric In-patients (Number)","2021","2021","1","Male","07","Mania","Number","72"
"HRA71C01","Psychiatric In-patients (Number)","2021","2021","1","Male","08","Neuroses","Number","37"
"HRA71C01","Psychiatric In-patients (Number)","2021","2021","1","Male","09","Personality disorders","Number",""
"HRA71C01","Psychiatric In-patients (Number)","2021","2021","1","Male","10","Personality and behavioural disorders","Number","17"
"HRA71C01","Psychiatric In-patients (Number)","2021","2021","1","Male","11","Alcoholic disorders","Number","37"
"HRA71C01","Psychiatric In-patients (Number)","2021","2021","1","Male","12","Drug dependence","Number",""
"HRA71C01","Psychiatric In-patients (Number)","2021","2021","1","Male","13","Other drug disorders","Number","27"
"HRA71C01","Psychiatric In-patients (Number)","2021","2021","1","Male","14","Mental handicap","Number",""
"HRA71C01","Psychiatric In-patients (Number)","2021","2021","1","Male","15","Eating disorders","Number",""
"HRA71C01","Psychiatric In-patients (Number)","2021","2021","1","Male","16","Intellectual disability","Number","55"
"HRA71C01","Psychiatric In-patients (Number)","2021","2021","1","Male","17","Development disorders","Number",""
"HRA71C01","Psychiatric In-patients (Number)","2021","2021","1","Male","18","Behavioural, emotional disorders of childhood and adolescence","Number",""
"HRA71C01","Psychiatric In-patients (Number)","2021","2021","1","Male","19","Other and unspecified","Number","137"
"HRA71C01","Psychiatric In-patients (Number)","2021","2021","1","Male","20","Unspecified","Number",""
"HRA71C01","Psychiatric In-patients (Number)","2021","2021","1","Male","21","All disorders","Number","1032"
"HRA71C01","Psychiatric In-patients (Number)","2021","2021","2","Female","01","Organic category","Number",""
"HRA71C01","Psychiatric In-patients (Number)","2021","2021","2","Female","02","Organic mental disorders","Number","67"
"HRA71C01","Psychiatric In-patients (Number)","2021","2021","2","Female","03","Schizophrenia","Number",""
"HRA71C01","Psychiatric In-patients (Number)","2021","2021","2","Female","04","Schizophrenia, schizotypal and delusional disorders","Number","269"
"HRA71C01","Psychiatric In-patients (Number)","2021","2021","2","Female","05","Other psychoses","Number",""
"HRA71C01","Psychiatric In-patients (Number)","2021","2021","2","Female","06","Depressive disorders","Number","138"
"HRA71C01","Psychiatric In-patients (Number)","2021","2021","2","Female","07","Mania","Number","78"
"HRA71C01","Psychiatric In-patients (Number)","2021","2021","2","Female","08","Neuroses","Number","57"
"HRA71C01","Psychiatric In-patients (Number)","2021","2021","2","Female","09","Personality disorders","Number",""
"HRA71C01","Psychiatric In-patients (Number)","2021","2021","2","Female","10","Personality and behavioural disorders","Number","46"
"HRA71C01","Psychiatric In-patients (Number)","2021","2021","2","Female","11","Alcoholic disorders","Number","22"
"HRA71C01","Psychiatric In-patients (Number)","2021","2021","2","Female","12","Drug dependence","Number",""
"HRA71C01","Psychiatric In-patients (Number)","2021","2021","2","Female","13","Other drug disorders","Number","6"
"HRA71C01","Psychiatric In-patients (Number)","2021","2021","2","Female","14","Mental handicap","Number",""
"HRA71C01","Psychiatric In-patients (Number)","2021","2021","2","Female","15","Eating disorders","Number",""
"HRA71C01","Psychiatric In-patients (Number)","2021","2021","2","Female","16","Intellectual disability","Number","18"
"HRA71C01","Psychiatric In-patients (Number)","2021","2021","2","Female","17","Development disorders","Number",""
"HRA71C01","Psychiatric In-patients (Number)","2021","2021","2","Female","18","Behavioural, emotional disorders of childhood and adolescence","Number",""
"HRA71C01","Psychiatric In-patients (Number)","2021","2021","2","Female","19","Other and unspecified","Number","112"
"HRA71C01","Psychiatric In-patients (Number)","2021","2021","2","Female","20","Unspecified","Number",""
"HRA71C01","Psychiatric In-patients (Number)","2021","2021","2","Female","21","All disorders","Number","839"
"HRA71C01","Psychiatric In-patients (Number)","2022","2022","-","Both sexes","01","Organic category","Number",""
"HRA71C01","Psychiatric In-patients (Number)","2022","2022","-","Both sexes","02","Organic mental disorders","Number","141"
"HRA71C01","Psychiatric In-patients (Number)","2022","2022","-","Both sexes","03","Schizophrenia","Number",""
"HRA71C01","Psychiatric In-patients (Number)","2022","2022","-","Both sexes","04","Schizophrenia, schizotypal and delusional disorders","Number","725"
"HRA71C01","Psychiatric In-patients (Number)","2022","2022","-","Both sexes","05","Other psychoses","Number",""
"HRA71C01","Psychiatric In-patients (Number)","2022","2022","-","Both sexes","06","Depressive disorders","Number","277"
"HRA71C01","Psychiatric In-patients (Number)","2022","2022","-","Both sexes","07","Mania","Number","150"
"HRA71C01","Psychiatric In-patients (Number)","2022","2022","-","Both sexes","08","Neuroses","Number","75"
"HRA71C01","Psychiatric In-patients (Number)","2022","2022","-","Both sexes","09","Personality disorders","Number",""
"HRA71C01","Psychiatric In-patients (Number)","2022","2022","-","Both sexes","10","Personality and behavioural disorders","Number","60"
"HRA71C01","Psychiatric In-patients (Number)","2022","2022","-","Both sexes","11","Alcoholic disorders","Number","57"
"HRA71C01","Psychiatric In-patients (Number)","2022","2022","-","Both sexes","12","Drug dependence","Number",""
"HRA71C01","Psychiatric In-patients (Number)","2022","2022","-","Both sexes","13","Other drug disorders","Number","28"
"HRA71C01","Psychiatric In-patients (Number)","2022","2022","-","Both sexes","14","Mental handicap","Number",""
"HRA71C01","Psychiatric In-patients (Number)","2022","2022","-","Both sexes","15","Eating disorders","Number","23"
"HRA71C01","Psychiatric In-patients (Number)","2022","2022","-","Both sexes","16","Intellectual disability","Number","63"
"HRA71C01","Psychiatric In-patients (Number)","2022","2022","-","Both sexes","17","Development disorders","Number","9"
"HRA71C01","Psychiatric In-patients (Number)","2022","2022","-","Both sexes","18","Behavioural, emotional disorders of childhood and adolescence","Number","0"
"HRA71C01","Psychiatric In-patients (Number)","2022","2022","-","Both sexes","19","Other and unspecified","Number","305"
"HRA71C01","Psychiatric In-patients (Number)","2022","2022","-","Both sexes","20","Unspecified","Number",""
"HRA71C01","Psychiatric In-patients (Number)","2022","2022","-","Both sexes","21","All disorders","Number","1913"
"HRA71C01","Psychiatric In-patients (Number)","2022","2022","1","Male","01","Organic category","Number",""
"HRA71C01","Psychiatric In-patients (Number)","2022","2022","1","Male","02","Organic mental disorders","Number","80"
"HRA71C01","Psychiatric In-patients (Number)","2022","2022","1","Male","03","Schizophrenia","Number",""
"HRA71C01","Psychiatric In-patients (Number)","2022","2022","1","Male","04","Schizophrenia, schizotypal and delusional disorders","Number","453"
"HRA71C01","Psychiatric In-patients (Number)","2022","2022","1","Male","05","Other psychoses","Number",""
"HRA71C01","Psychiatric In-patients (Number)","2022","2022","1","Male","06","Depressive disorders","Number","127"
"HRA71C01","Psychiatric In-patients (Number)","2022","2022","1","Male","07","Mania","Number","77"
"HRA71C01","Psychiatric In-patients (Number)","2022","2022","1","Male","08","Neuroses","Number","29"
"HRA71C01","Psychiatric In-patients (Number)","2022","2022","1","Male","09","Personality disorders","Number",""
"HRA71C01","Psychiatric In-patients (Number)","2022","2022","1","Male","10","Personality and behavioural disorders","Number","19"
"HRA71C01","Psychiatric In-patients (Number)","2022","2022","1","Male","11","Alcoholic disorders","Number","39"
"HRA71C01","Psychiatric In-patients (Number)","2022","2022","1","Male","12","Drug dependence","Number",""
"HRA71C01","Psychiatric In-patients (Number)","2022","2022","1","Male","13","Other drug disorders","Number",""
"HRA71C01","Psychiatric In-patients (Number)","2022","2022","1","Male","14","Mental handicap","Number",""
"HRA71C01","Psychiatric In-patients (Number)","2022","2022","1","Male","15","Eating disorders","Number",""
"HRA71C01","Psychiatric In-patients (Number)","2022","2022","1","Male","16","Intellectual disability","Number","47"
"HRA71C01","Psychiatric In-patients (Number)","2022","2022","1","Male","17","Development disorders","Number","9"
"HRA71C01","Psychiatric In-patients (Number)","2022","2022","1","Male","18","Behavioural, emotional disorders of childhood and adolescence","Number","0"
"HRA71C01","Psychiatric In-patients (Number)","2022","2022","1","Male","19","Other and unspecified","Number","151"
"HRA71C01","Psychiatric In-patients (Number)","2022","2022","1","Male","20","Unspecified","Number",""
"HRA71C01","Psychiatric In-patients (Number)","2022","2022","1","Male","21","All disorders","Number","1056"
"HRA71C01","Psychiatric In-patients (Number)","2022","2022","2","Female","01","Organic category","Number",""
"HRA71C01","Psychiatric In-patients (Number)","2022","2022","2","Female","02","Organic mental disorders","Number","61"
"HRA71C01","Psychiatric In-patients (Number)","2022","2022","2","Female","03","Schizophrenia","Number",""
"HRA71C01","Psychiatric In-patients (Number)","2022","2022","2","Female","04","Schizophrenia, schizotypal and delusional disorders","Number","272"
"HRA71C01","Psychiatric In-patients (Number)","2022","2022","2","Female","05","Other psychoses","Number",""
"HRA71C01","Psychiatric In-patients (Number)","2022","2022","2","Female","06","Depressive disorders","Number","150"
"HRA71C01","Psychiatric In-patients (Number)","2022","2022","2","Female","07","Mania","Number","73"
"HRA71C01","Psychiatric In-patients (Number)","2022","2022","2","Female","08","Neuroses","Number","46"
"HRA71C01","Psychiatric In-patients (Number)","2022","2022","2","Female","09","Personality disorders","Number",""
"HRA71C01","Psychiatric In-patients (Number)","2022","2022","2","Female","10","Personality and behavioural disorders","Number","41"
"HRA71C01","Psychiatric In-patients (Number)","2022","2022","2","Female","11","Alcoholic disorders","Number","18"
"HRA71C01","Psychiatric In-patients (Number)","2022","2022","2","Female","12","Drug dependence","Number",""
"HRA71C01","Psychiatric In-patients (Number)","2022","2022","2","Female","13","Other drug disorders","Number",""
"HRA71C01","Psychiatric In-patients (Number)","2022","2022","2","Female","14","Mental handicap","Number",""
"HRA71C01","Psychiatric In-patients (Number)","2022","2022","2","Female","15","Eating disorders","Number",""
"HRA71C01","Psychiatric In-patients (Number)","2022","2022","2","Female","16","Intellectual disability","Number","16"
"HRA71C01","Psychiatric In-patients (Number)","2022","2022","2","Female","17","Development disorders","Number","0"
"HRA71C01","Psychiatric In-patients (Number)","2022","2022","2","Female","18","Behavioural, emotional disorders of childhood and adolescence","Number","0"
"HRA71C01","Psychiatric In-patients (Number)","2022","2022","2","Female","19","Other and unspecified","Number","154"
"HRA71C01","Psychiatric In-patients (Number)","2022","2022","2","Female","20","Unspecified","Number",""
"HRA71C01","Psychiatric In-patients (Number)","2022","2022","2","Female","21","All disorders","Number","857"
"HRA71C01","Psychiatric In-patients (Number)","2023","2023","-","Both sexes","01","Organic category","Number",""
"HRA71C01","Psychiatric In-patients (Number)","2023","2023","-","Both sexes","02","Organic mental disorders","Number","176"
"HRA71C01","Psychiatric In-patients (Number)","2023","2023","-","Both sexes","03","Schizophrenia","Number",""
"HRA71C01","Psychiatric In-patients (Number)","2023","2023","-","Both sexes","04","Schizophrenia, schizotypal and delusional disorders","Number","735"
"HRA71C01","Psychiatric In-patients (Number)","2023","2023","-","Both sexes","05","Other psychoses","Number",""
"HRA71C01","Psychiatric In-patients (Number)","2023","2023","-","Both sexes","06","Depressive disorders","Number","273"
"HRA71C01","Psychiatric In-patients (Number)","2023","2023","-","Both sexes","07","Mania","Number","153"
"HRA71C01","Psychiatric In-patients (Number)","2023","2023","-","Both sexes","08","Neuroses","Number","112"
"HRA71C01","Psychiatric In-patients (Number)","2023","2023","-","Both sexes","09","Personality disorders","Number",""
"HRA71C01","Psychiatric In-patients (Number)","2023","2023","-","Both sexes","10","Personality and behavioural disorders","Number","79"
"HRA71C01","Psychiatric In-patients (Number)","2023","2023","-","Both sexes","11","Alcoholic disorders","Number","47"
"HRA71C01","Psychiatric In-patients (Number)","2023","2023","-","Both sexes","12","Drug dependence","Number",""
"HRA71C01","Psychiatric In-patients (Number)","2023","2023","-","Both sexes","13","Other drug disorders","Number","35"
"HRA71C01","Psychiatric In-patients (Number)","2023","2023","-","Both sexes","14","Mental handicap","Number",""
"HRA71C01","Psychiatric In-patients (Number)","2023","2023","-","Both sexes","15","Eating disorders","Number","32"
"HRA71C01","Psychiatric In-patients (Number)","2023","2023","-","Both sexes","16","Intellectual disability","Number","58"
"HRA71C01","Psychiatric In-patients (Number)","2023","2023","-","Both sexes","17","Development disorders","Number","10"
"HRA71C01","Psychiatric In-patients (Number)","2023","2023","-","Both sexes","18","Behavioural, emotional disorders of childhood and adolescence","Number","0"
"HRA71C01","Psychiatric In-patients (Number)","2023","2023","-","Both sexes","19","Other and unspecified","Number","311"
"HRA71C01","Psychiatric In-patients (Number)","2023","2023","-","Both sexes","20","Unspecified","Number",""
"HRA71C01","Psychiatric In-patients (Number)","2023","2023","-","Both sexes","21","All disorders","Number","2021"
"HRA71C01","Psychiatric In-patients (Number)","2023","2023","1","Male","01","Organic category","Number",""
"HRA71C01","Psychiatric In-patients (Number)","2023","2023","1","Male","02","Organic mental disorders","Number","92"
"HRA71C01","Psychiatric In-patients (Number)","2023","2023","1","Male","03","Schizophrenia","Number",""
"HRA71C01","Psychiatric In-patients (Number)","2023","2023","1","Male","04","Schizophrenia, schizotypal and delusional disorders","Number","474"
"HRA71C01","Psychiatric In-patients (Number)","2023","2023","1","Male","05","Other psychoses","Number",""
"HRA71C01","Psychiatric In-patients (Number)","2023","2023","1","Male","06","Depressive disorders","Number","127"
"HRA71C01","Psychiatric In-patients (Number)","2023","2023","1","Male","07","Mania","Number","72"
"HRA71C01","Psychiatric In-patients (Number)","2023","2023","1","Male","08","Neuroses","Number","40"
"HRA71C01","Psychiatric In-patients (Number)","2023","2023","1","Male","09","Personality disorders","Number",""
"HRA71C01","Psychiatric In-patients (Number)","2023","2023","1","Male","10","Personality and behavioural disorders","Number","24"
"HRA71C01","Psychiatric In-patients (Number)","2023","2023","1","Male","11","Alcoholic disorders","Number","29"
"HRA71C01","Psychiatric In-patients (Number)","2023","2023","1","Male","12","Drug dependence","Number",""
"HRA71C01","Psychiatric In-patients (Number)","2023","2023","1","Male","13","Other drug disorders","Number","29"
"HRA71C01","Psychiatric In-patients (Number)","2023","2023","1","Male","14","Mental handicap","Number",""
"HRA71C01","Psychiatric In-patients (Number)","2023","2023","1","Male","15","Eating disorders","Number",""
"HRA71C01","Psychiatric In-patients (Number)","2023","2023","1","Male","16","Intellectual disability","Number","43"
"HRA71C01","Psychiatric In-patients (Number)","2023","2023","1","Male","17","Development disorders","Number",""
"HRA71C01","Psychiatric In-patients (Number)","2023","2023","1","Male","18","Behavioural, emotional disorders of childhood and adolescence","Number","0"
"HRA71C01","Psychiatric In-patients (Number)","2023","2023","1","Male","19","Other and unspecified","Number","151"
"HRA71C01","Psychiatric In-patients (Number)","2023","2023","1","Male","20","Unspecified","Number",""
"HRA71C01","Psychiatric In-patients (Number)","2023","2023","1","Male","21","All disorders","Number","1091"
"HRA71C01","Psychiatric In-patients (Number)","2023","2023","2","Female","01","Organic category","Number",""
"HRA71C01","Psychiatric In-patients (Number)","2023","2023","2","Female","02","Organic mental disorders","Number","84"
"HRA71C01","Psychiatric In-patients (Number)","2023","2023","2","Female","03","Schizophrenia","Number",""
"HRA71C01","Psychiatric In-patients (Number)","2023","2023","2","Female","04","Schizophrenia, schizotypal and delusional disorders","Number","261"
"HRA71C01","Psychiatric In-patients (Number)","2023","2023","2","Female","05","Other psychoses","Number",""
"HRA71C01","Psychiatric In-patients (Number)","2023","2023","2","Female","06","Depressive disorders","Number","146"
"HRA71C01","Psychiatric In-patients (Number)","2023","2023","2","Female","07","Mania","Number","81"
"HRA71C01","Psychiatric In-patients (Number)","2023","2023","2","Female","08","Neuroses","Number","72"
"HRA71C01","Psychiatric In-patients (Number)","2023","2023","2","Female","09","Personality disorders","Number",""
"HRA71C01","Psychiatric In-patients (Number)","2023","2023","2","Female","10","Personality and behavioural disorders","Number","55"
"HRA71C01","Psychiatric In-patients (Number)","2023","2023","2","Female","11","Alcoholic disorders","Number","18"
"HRA71C01","Psychiatric In-patients (Number)","2023","2023","2","Female","12","Drug dependence","Number",""
"HRA71C01","Psychiatric In-patients (Number)","2023","2023","2","Female","13","Other drug disorders","Number","6"
"HRA71C01","Psychiatric In-patients (Number)","2023","2023","2","Female","14","Mental handicap","Number",""
"HRA71C01","Psychiatric In-patients (Number)","2023","2023","2","Female","15","Eating disorders","Number",""
"HRA71C01","Psychiatric In-patients (Number)","2023","2023","2","Female","16","Intellectual disability","Number","15"
"HRA71C01","Psychiatric In-patients (Number)","2023","2023","2","Female","17","Development disorders","Number",""
"HRA71C01","Psychiatric In-patients (Number)","2023","2023","2","Female","18","Behavioural, emotional disorders of childhood and adolescence","Number","0"
"HRA71C01","Psychiatric In-patients (Number)","2023","2023","2","Female","19","Other and unspecified","Number","160"
"HRA71C01","Psychiatric In-patients (Number)","2023","2023","2","Female","20","Unspecified","Number",""
"HRA71C01","Psychiatric In-patients (Number)","2023","2023","2","Female","21","All disorders","Number","930"
"HRA71C02","Psychiatric In-patients (Rate per 100,000 Pop.)","2001","2001","-","Both sexes","01","Organic category","Rate per 100,000 Pop.","11.8"
"HRA71C02","Psychiatric In-patients (Rate per 100,000 Pop.)","2001","2001","-","Both sexes","02","Organic mental disorders","Rate per 100,000 Pop.",""
"HRA71C02","Psychiatric In-patients (Rate per 100,000 Pop.)","2001","2001","-","Both sexes","03","Schizophrenia","Rate per 100,000 Pop.","63.1"
"HRA71C02","Psychiatric In-patients (Rate per 100,000 Pop.)","2001","2001","-","Both sexes","04","Schizophrenia, schizotypal and delusional disorders","Rate per 100,000 Pop.",""
"HRA71C02","Psychiatric In-patients (Rate per 100,000 Pop.)","2001","2001","-","Both sexes","05","Other psychoses","Rate per 100,000 Pop.","1.8"
"HRA71C02","Psychiatric In-patients (Rate per 100,000 Pop.)","2001","2001","-","Both sexes","06","Depressive disorders","Rate per 100,000 Pop.","27.9"
"HRA71C02","Psychiatric In-patients (Rate per 100,000 Pop.)","2001","2001","-","Both sexes","07","Mania","Rate per 100,000 Pop.","15.7"
"HRA71C02","Psychiatric In-patients (Rate per 100,000 Pop.)","2001","2001","-","Both sexes","08","Neuroses","Rate per 100,000 Pop.","5.4"
"HRA71C02","Psychiatric In-patients (Rate per 100,000 Pop.)","2001","2001","-","Both sexes","09","Personality disorders","Rate per 100,000 Pop.","4.6"
"HRA71C02","Psychiatric In-patients (Rate per 100,000 Pop.)","2001","2001","-","Both sexes","10","Personality and behavioural disorders","Rate per 100,000 Pop.",""
"HRA71C02","Psychiatric In-patients (Rate per 100,000 Pop.)","2001","2001","-","Both sexes","11","Alcoholic disorders","Rate per 100,000 Pop.","8.9"
"HRA71C02","Psychiatric In-patients (Rate per 100,000 Pop.)","2001","2001","-","Both sexes","12","Drug dependence","Rate per 100,000 Pop.","2.1"
"HRA71C02","Psychiatric In-patients (Rate per 100,000 Pop.)","2001","2001","-","Both sexes","13","Other drug disorders","Rate per 100,000 Pop.",""
"HRA71C02","Psychiatric In-patients (Rate per 100,000 Pop.)","2001","2001","-","Both sexes","14","Mental handicap","Rate per 100,000 Pop.","14.5"
"HRA71C02","Psychiatric In-patients (Rate per 100,000 Pop.)","2001","2001","-","Both sexes","15","Eating disorders","Rate per 100,000 Pop.",""
"HRA71C02","Psychiatric In-patients (Rate per 100,000 Pop.)","2001","2001","-","Both sexes","16","Intellectual disability","Rate per 100,000 Pop.",""
"HRA71C02","Psychiatric In-patients (Rate per 100,000 Pop.)","2001","2001","-","Both sexes","17","Development disorders","Rate per 100,000 Pop.",""
"HRA71C02","Psychiatric In-patients (Rate per 100,000 Pop.)","2001","2001","-","Both sexes","18","Behavioural, emotional disorders of childhood and adolescence","Rate per 100,000 Pop.",""
"HRA71C02","Psychiatric In-patients (Rate per 100,000 Pop.)","2001","2001","-","Both sexes","19","Other and unspecified","Rate per 100,000 Pop.",""
"HRA71C02","Psychiatric In-patients (Rate per 100,000 Pop.)","2001","2001","-","Both sexes","20","Unspecified","Rate per 100,000 Pop.","4.4"
"HRA71C02","Psychiatric In-patients (Rate per 100,000 Pop.)","2001","2001","-","Both sexes","21","All disorders","Rate per 100,000 Pop.","160.3"
"HRA71C02","Psychiatric In-patients (Rate per 100,000 Pop.)","2001","2001","1","Male","01","Organic category","Rate per 100,000 Pop.","11.8"
"HRA71C02","Psychiatric In-patients (Rate per 100,000 Pop.)","2001","2001","1","Male","02","Organic mental disorders","Rate per 100,000 Pop.",""
"HRA71C02","Psychiatric In-patients (Rate per 100,000 Pop.)","2001","2001","1","Male","03","Schizophrenia","Rate per 100,000 Pop.","79.7"
"HRA71C02","Psychiatric In-patients (Rate per 100,000 Pop.)","2001","2001","1","Male","04","Schizophrenia, schizotypal and delusional disorders","Rate per 100,000 Pop.",""
"HRA71C02","Psychiatric In-patients (Rate per 100,000 Pop.)","2001","2001","1","Male","05","Other psychoses","Rate per 100,000 Pop.","1.4"
"HRA71C02","Psychiatric In-patients (Rate per 100,000 Pop.)","2001","2001","1","Male","06","Depressive disorders","Rate per 100,000 Pop.","23.8"
"HRA71C02","Psychiatric In-patients (Rate per 100,000 Pop.)","2001","2001","1","Male","07","Mania","Rate per 100,000 Pop.","15.3"
"HRA71C02","Psychiatric In-patients (Rate per 100,000 Pop.)","2001","2001","1","Male","08","Neuroses","Rate per 100,000 Pop.","3.9"
"HRA71C02","Psychiatric In-patients (Rate per 100,000 Pop.)","2001","2001","1","Male","09","Personality disorders","Rate per 100,000 Pop.","4.5"
"HRA71C02","Psychiatric In-patients (Rate per 100,000 Pop.)","2001","2001","1","Male","10","Personality and behavioural disorders","Rate per 100,000 Pop.",""
"HRA71C02","Psychiatric In-patients (Rate per 100,000 Pop.)","2001","2001","1","Male","11","Alcoholic disorders","Rate per 100,000 Pop.","13.5"
"HRA71C02","Psychiatric In-patients (Rate per 100,000 Pop.)","2001","2001","1","Male","12","Drug dependence","Rate per 100,000 Pop.","3.2"
"HRA71C02","Psychiatric In-patients (Rate per 100,000 Pop.)","2001","2001","1","Male","13","Other drug disorders","Rate per 100,000 Pop.",""
"HRA71C02","Psychiatric In-patients (Rate per 100,000 Pop.)","2001","2001","1","Male","14","Mental handicap","Rate per 100,000 Pop.","20.4"
"HRA71C02","Psychiatric In-patients (Rate per 100,000 Pop.)","2001","2001","1","Male","15","Eating disorders","Rate per 100,000 Pop.",""
"HRA71C02","Psychiatric In-patients (Rate per 100,000 Pop.)","2001","2001","1","Male","16","Intellectual disability","Rate per 100,000 Pop.",""
"HRA71C02","Psychiatric In-patients (Rate per 100,000 Pop.)","2001","2001","1","Male","17","Development disorders","Rate per 100,000 Pop.",""
"HRA71C02","Psychiatric In-patients (Rate per 100,000 Pop.)","2001","2001","1","Male","18","Behavioural, emotional disorders of childhood and adolescence","Rate per 100,000 Pop.",""
"HRA71C02","Psychiatric In-patients (Rate per 100,000 Pop.)","2001","2001","1","Male","19","Other and unspecified","Rate per 100,000 Pop.",""
"HRA71C02","Psychiatric In-patients (Rate per 100,000 Pop.)","2001","2001","1","Male","20","Unspecified","Rate per 100,000 Pop.","3.9"
"HRA71C02","Psychiatric In-patients (Rate per 100,000 Pop.)","2001","2001","1","Male","21","All disorders","Rate per 100,000 Pop.","181.2"
"HRA71C02","Psychiatric In-patients (Rate per 100,000 Pop.)","2001","2001","2","Female","01","Organic category","Rate per 100,000 Pop.","11.7"
"HRA71C02","Psychiatric In-patients (Rate per 100,000 Pop.)","2001","2001","2","Female","02","Organic mental disorders","Rate per 100,000 Pop.",""
"HRA71C02","Psychiatric In-patients (Rate per 100,000 Pop.)","2001","2001","2","Female","03","Schizophrenia","Rate per 100,000 Pop.","47.1"
"HRA71C02","Psychiatric In-patients (Rate per 100,000 Pop.)","2001","2001","2","Female","04","Schizophrenia, schizotypal and delusional disorders","Rate per 100,000 Pop.",""
"HRA71C02","Psychiatric In-patients (Rate per 100,000 Pop.)","2001","2001","2","Female","05","Other psychoses","Rate per 100,000 Pop.","2.3"
"HRA71C02","Psychiatric In-patients (Rate per 100,000 Pop.)","2001","2001","2","Female","06","Depressive disorders","Rate per 100,000 Pop.","31.9"
"HRA71C02","Psychiatric In-patients (Rate per 100,000 Pop.)","2001","2001","2","Female","07","Mania","Rate per 100,000 Pop.","16.2"
"HRA71C02","Psychiatric In-patients (Rate per 100,000 Pop.)","2001","2001","2","Female","08","Neuroses","Rate per 100,000 Pop.","6.9"
"HRA71C02","Psychiatric In-patients (Rate per 100,000 Pop.)","2001","2001","2","Female","09","Personality disorders","Rate per 100,000 Pop.","4.8"
"HRA71C02","Psychiatric In-patients (Rate per 100,000 Pop.)","2001","2001","2","Female","10","Personality and behavioural disorders","Rate per 100,000 Pop.",""
"HRA71C02","Psychiatric In-patients (Rate per 100,000 Pop.)","2001","2001","2","Female","11","Alcoholic disorders","Rate per 100,000 Pop.","4.6"
"HRA71C02","Psychiatric In-patients (Rate per 100,000 Pop.)","2001","2001","2","Female","12","Drug dependence","Rate per 100,000 Pop.","1"
"HRA71C02","Psychiatric In-patients (Rate per 100,000 Pop.)","2001","2001","2","Female","13","Other drug disorders","Rate per 100,000 Pop.",""
"HRA71C02","Psychiatric In-patients (Rate per 100,000 Pop.)","2001","2001","2","Female","14","Mental handicap","Rate per 100,000 Pop.","8.9"
"HRA71C02","Psychiatric In-patients (Rate per 100,000 Pop.)","2001","2001","2","Female","15","Eating disorders","Rate per 100,000 Pop.",""
"HRA71C02","Psychiatric In-patients (Rate per 100,000 Pop.)","2001","2001","2","Female","16","Intellectual disability","Rate per 100,000 Pop.",""
"HRA71C02","Psychiatric In-patients (Rate per 100,000 Pop.)","2001","2001","2","Female","17","Development disorders","Rate per 100,000 Pop.",""
"HRA71C02","Psychiatric In-patients (Rate per 100,000 Pop.)","2001","2001","2","Female","18","Behavioural, emotional disorders of childhood and adolescence","Rate per 100,000 Pop.",""
"HRA71C02","Psychiatric In-patients (Rate per 100,000 Pop.)","2001","2001","2","Female","19","Other and unspecified","Rate per 100,000 Pop.",""
"HRA71C02","Psychiatric In-patients (Rate per 100,000 Pop.)","2001","2001","2","Female","20","Unspecified","Rate per 100,000 Pop.","4.9"
"HRA71C02","Psychiatric In-patients (Rate per 100,000 Pop.)","2001","2001","2","Female","21","All disorders","Rate per 100,000 Pop.","140.3"
"HRA71C02","Psychiatric In-patients (Rate per 100,000 Pop.)","2006","2006","-","Both sexes","01","Organic category","Rate per 100,000 Pop.",""
"HRA71C02","Psychiatric In-patients (Rate per 100,000 Pop.)","2006","2006","-","Both sexes","02","Organic mental disorders","Rate per 100,000 Pop.","5.5"
"HRA71C02","Psychiatric In-patients (Rate per 100,000 Pop.)","2006","2006","-","Both sexes","03","Schizophrenia","Rate per 100,000 Pop.",""
"HRA71C02","Psychiatric In-patients (Rate per 100,000 Pop.)","2006","2006","-","Both sexes","04","Schizophrenia, schizotypal and delusional disorders","Rate per 100,000 Pop.","27.4"
"HRA71C02","Psychiatric In-patients (Rate per 100,000 Pop.)","2006","2006","-","Both sexes","05","Other psychoses","Rate per 100,000 Pop.",""
"HRA71C02","Psychiatric In-patients (Rate per 100,000 Pop.)","2006","2006","-","Both sexes","06","Depressive disorders","Rate per 100,000 Pop.","11.6"
"HRA71C02","Psychiatric In-patients (Rate per 100,000 Pop.)","2006","2006","-","Both sexes","07","Mania","Rate per 100,000 Pop.","6.5"
"HRA71C02","Psychiatric In-patients (Rate per 100,000 Pop.)","2006","2006","-","Both sexes","08","Neuroses","Rate per 100,000 Pop.","1.4"
"HRA71C02","Psychiatric In-patients (Rate per 100,000 Pop.)","2006","2006","-","Both sexes","09","Personality disorders","Rate per 100,000 Pop.",""
"HRA71C02","Psychiatric In-patients (Rate per 100,000 Pop.)","2006","2006","-","Both sexes","10","Personality and behavioural disorders","Rate per 100,000 Pop.","1.7"
"HRA71C02","Psychiatric In-patients (Rate per 100,000 Pop.)","2006","2006","-","Both sexes","11","Alcoholic disorders","Rate per 100,000 Pop.","3.9"
"HRA71C02","Psychiatric In-patients (Rate per 100,000 Pop.)","2006","2006","-","Both sexes","12","Drug dependence","Rate per 100,000 Pop.",""
"HRA71C02","Psychiatric In-patients (Rate per 100,000 Pop.)","2006","2006","-","Both sexes","13","Other drug disorders","Rate per 100,000 Pop.","0.6"
"HRA71C02","Psychiatric In-patients (Rate per 100,000 Pop.)","2006","2006","-","Both sexes","14","Mental handicap","Rate per 100,000 Pop.",""
"HRA71C02","Psychiatric In-patients (Rate per 100,000 Pop.)","2006","2006","-","Both sexes","15","Eating disorders","Rate per 100,000 Pop.","0.4"
"HRA71C02","Psychiatric In-patients (Rate per 100,000 Pop.)","2006","2006","-","Both sexes","16","Intellectual disability","Rate per 100,000 Pop.","5.9"
"HRA71C02","Psychiatric In-patients (Rate per 100,000 Pop.)","2006","2006","-","Both sexes","17","Development disorders","Rate per 100,000 Pop.","0.3"
"HRA71C02","Psychiatric In-patients (Rate per 100,000 Pop.)","2006","2006","-","Both sexes","18","Behavioural, emotional disorders of childhood and adolescence","Rate per 100,000 Pop.","0.2"
"HRA71C02","Psychiatric In-patients (Rate per 100,000 Pop.)","2006","2006","-","Both sexes","19","Other and unspecified","Rate per 100,000 Pop.","14.6"
"HRA71C02","Psychiatric In-patients (Rate per 100,000 Pop.)","2006","2006","-","Both sexes","20","Unspecified","Rate per 100,000 Pop.",""
"HRA71C02","Psychiatric In-patients (Rate per 100,000 Pop.)","2006","2006","-","Both sexes","21","All disorders","Rate per 100,000 Pop.","79.9"
"HRA71C02","Psychiatric In-patients (Rate per 100,000 Pop.)","2006","2006","1","Male","01","Organic category","Rate per 100,000 Pop.",""
"HRA71C02","Psychiatric In-patients (Rate per 100,000 Pop.)","2006","2006","1","Male","02","Organic mental disorders","Rate per 100,000 Pop.","6"
"HRA71C02","Psychiatric In-patients (Rate per 100,000 Pop.)","2006","2006","1","Male","03","Schizophrenia","Rate per 100,000 Pop.",""
"HRA71C02","Psychiatric In-patients (Rate per 100,000 Pop.)","2006","2006","1","Male","04","Schizophrenia, schizotypal and delusional disorders","Rate per 100,000 Pop.","34.7"
"HRA71C02","Psychiatric In-patients (Rate per 100,000 Pop.)","2006","2006","1","Male","05","Other psychoses","Rate per 100,000 Pop.",""
"HRA71C02","Psychiatric In-patients (Rate per 100,000 Pop.)","2006","2006","1","Male","06","Depressive disorders","Rate per 100,000 Pop.","9.6"
"HRA71C02","Psychiatric In-patients (Rate per 100,000 Pop.)","2006","2006","1","Male","07","Mania","Rate per 100,000 Pop.","5.8"
"HRA71C02","Psychiatric In-patients (Rate per 100,000 Pop.)","2006","2006","1","Male","08","Neuroses","Rate per 100,000 Pop.","1.1"
"HRA71C02","Psychiatric In-patients (Rate per 100,000 Pop.)","2006","2006","1","Male","09","Personality disorders","Rate per 100,000 Pop.",""
"HRA71C02","Psychiatric In-patients (Rate per 100,000 Pop.)","2006","2006","1","Male","10","Personality and behavioural disorders","Rate per 100,000 Pop.","1.3"
"HRA71C02","Psychiatric In-patients (Rate per 100,000 Pop.)","2006","2006","1","Male","11","Alcoholic disorders","Rate per 100,000 Pop.","5.4"
"HRA71C02","Psychiatric In-patients (Rate per 100,000 Pop.)","2006","2006","1","Male","12","Drug dependence","Rate per 100,000 Pop.",""
"HRA71C02","Psychiatric In-patients (Rate per 100,000 Pop.)","2006","2006","1","Male","13","Other drug disorders","Rate per 100,000 Pop.","0.7"
"HRA71C02","Psychiatric In-patients (Rate per 100,000 Pop.)","2006","2006","1","Male","14","Mental handicap","Rate per 100,000 Pop.",""
"HRA71C02","Psychiatric In-patients (Rate per 100,000 Pop.)","2006","2006","1","Male","15","Eating disorders","Rate per 100,000 Pop.","0.1"
"HRA71C02","Psychiatric In-patients (Rate per 100,000 Pop.)","2006","2006","1","Male","16","Intellectual disability","Rate per 100,000 Pop.","7.9"
"HRA71C02","Psychiatric In-patients (Rate per 100,000 Pop.)","2006","2006","1","Male","17","Development disorders","Rate per 100,000 Pop.","0.3"
"HRA71C02","Psychiatric In-patients (Rate per 100,000 Pop.)","2006","2006","1","Male","18","Behavioural, emotional disorders of childhood and adolescence","Rate per 100,000 Pop.","0.1"
"HRA71C02","Psychiatric In-patients (Rate per 100,000 Pop.)","2006","2006","1","Male","19","Other and unspecified","Rate per 100,000 Pop.","14.5"
"HRA71C02","Psychiatric In-patients (Rate per 100,000 Pop.)","2006","2006","1","Male","20","Unspecified","Rate per 100,000 Pop.",""
"HRA71C02","Psychiatric In-patients (Rate per 100,000 Pop.)","2006","2006","1","Male","21","All disorders","Rate per 100,000 Pop.","87.6"
"HRA71C02","Psychiatric In-patients (Rate per 100,000 Pop.)","2006","2006","2","Female","01","Organic category","Rate per 100,000 Pop.",""
"HRA71C02","Psychiatric In-patients (Rate per 100,000 Pop.)","2006","2006","2","Female","02","Organic mental disorders","Rate per 100,000 Pop.","5.1"
"HRA71C02","Psychiatric In-patients (Rate per 100,000 Pop.)","2006","2006","2","Female","03","Schizophrenia","Rate per 100,000 Pop.",""
"HRA71C02","Psychiatric In-patients (Rate per 100,000 Pop.)","2006","2006","2","Female","04","Schizophrenia, schizotypal and delusional disorders","Rate per 100,000 Pop.","20.2"
"HRA71C02","Psychiatric In-patients (Rate per 100,000 Pop.)","2006","2006","2","Female","05","Other psychoses","Rate per 100,000 Pop.",""
"HRA71C02","Psychiatric In-patients (Rate per 100,000 Pop.)","2006","2006","2","Female","06","Depressive disorders","Rate per 100,000 Pop.","13.6"
"HRA71C02","Psychiatric In-patients (Rate per 100,000 Pop.)","2006","2006","2","Female","07","Mania","Rate per 100,000 Pop.","7.1"
"HRA71C02","Psychiatric In-patients (Rate per 100,000 Pop.)","2006","2006","2","Female","08","Neuroses","Rate per 100,000 Pop.","1.6"
"HRA71C02","Psychiatric In-patients (Rate per 100,000 Pop.)","2006","2006","2","Female","09","Personality disorders","Rate per 100,000 Pop.",""
"HRA71C02","Psychiatric In-patients (Rate per 100,000 Pop.)","2006","2006","2","Female","10","Personality and behavioural disorders","Rate per 100,000 Pop.","2"
"HRA71C02","Psychiatric In-patients (Rate per 100,000 Pop.)","2006","2006","2","Female","11","Alcoholic disorders","Rate per 100,000 Pop.","2.3"
"HRA71C02","Psychiatric In-patients (Rate per 100,000 Pop.)","2006","2006","2","Female","12","Drug dependence","Rate per 100,000 Pop.",""
"HRA71C02","Psychiatric In-patients (Rate per 100,000 Pop.)","2006","2006","2","Female","13","Other drug disorders","Rate per 100,000 Pop.","0.5"
"HRA71C02","Psychiatric In-patients (Rate per 100,000 Pop.)","2006","2006","2","Female","14","Mental handicap","Rate per 100,000 Pop.",""
"HRA71C02","Psychiatric In-patients (Rate per 100,000 Pop.)","2006","2006","2","Female","15","Eating disorders","Rate per 100,000 Pop.","0.8"
"HRA71C02","Psychiatric In-patients (Rate per 100,000 Pop.)","2006","2006","2","Female","16","Intellectual disability","Rate per 100,000 Pop.","4"
"HRA71C02","Psychiatric In-patients (Rate per 100,000 Pop.)","2006","2006","2","Female","17","Development disorders","Rate per 100,000 Pop.","0.3"
"HRA71C02","Psychiatric In-patients (Rate per 100,000 Pop.)","2006","2006","2","Female","18","Behavioural, emotional disorders of childhood and adolescence","Rate per 100,000 Pop.","0.2"
"HRA71C02","Psychiatric In-patients (Rate per 100,000 Pop.)","2006","2006","2","Female","19","Other and unspecified","Rate per 100,000 Pop.","14.6"
"HRA71C02","Psychiatric In-patients (Rate per 100,000 Pop.)","2006","2006","2","Female","20","Unspecified","Rate per 100,000 Pop.",""
"HRA71C02","Psychiatric In-patients (Rate per 100,000 Pop.)","2006","2006","2","Female","21","All disorders","Rate per 100,000 Pop.","72.2"
"HRA71C02","Psychiatric In-patients (Rate per 100,000 Pop.)","2010","2010","-","Both sexes","01","Organic category","Rate per 100,000 Pop.",""
"HRA71C02","Psychiatric In-patients (Rate per 100,000 Pop.)","2010","2010","-","Both sexes","02","Organic mental disorders","Rate per 100,000 Pop.","6.4"
"HRA71C02","Psychiatric In-patients (Rate per 100,000 Pop.)","2010","2010","-","Both sexes","03","Schizophrenia","Rate per 100,000 Pop.",""
"HRA71C02","Psychiatric In-patients (Rate per 100,000 Pop.)","2010","2010","-","Both sexes","04","Schizophrenia, schizotypal and delusional disorders","Rate per 100,000 Pop.","22.6"
"HRA71C02","Psychiatric In-patients (Rate per 100,000 Pop.)","2010","2010","-","Both sexes","05","Other psychoses","Rate per 100,000 Pop.",""
"HRA71C02","Psychiatric In-patients (Rate per 100,000 Pop.)","2010","2010","-","Both sexes","06","Depressive disorders","Rate per 100,000 Pop.","11.3"
"HRA71C02","Psychiatric In-patients (Rate per 100,000 Pop.)","2010","2010","-","Both sexes","07","Mania","Rate per 100,000 Pop.","5.1"
"HRA71C02","Psychiatric In-patients (Rate per 100,000 Pop.)","2010","2010","-","Both sexes","08","Neuroses","Rate per 100,000 Pop.","2.3"
"HRA71C02","Psychiatric In-patients (Rate per 100,000 Pop.)","2010","2010","-","Both sexes","09","Personality disorders","Rate per 100,000 Pop.",""
"HRA71C02","Psychiatric In-patients (Rate per 100,000 Pop.)","2010","2010","-","Both sexes","10","Personality and behavioural disorders","Rate per 100,000 Pop.","1.9"
"HRA71C02","Psychiatric In-patients (Rate per 100,000 Pop.)","2010","2010","-","Both sexes","11","Alcoholic disorders","Rate per 100,000 Pop.","2.3"
"HRA71C02","Psychiatric In-patients (Rate per 100,000 Pop.)","2010","2010","-","Both sexes","12","Drug dependence","Rate per 100,000 Pop.",""
"HRA71C02","Psychiatric In-patients (Rate per 100,000 Pop.)","2010","2010","-","Both sexes","13","Other drug disorders","Rate per 100,000 Pop.","1.1"
"HRA71C02","Psychiatric In-patients (Rate per 100,000 Pop.)","2010","2010","-","Both sexes","14","Mental handicap","Rate per 100,000 Pop.",""
"HRA71C02","Psychiatric In-patients (Rate per 100,000 Pop.)","2010","2010","-","Both sexes","15","Eating disorders","Rate per 100,000 Pop.","0.5"
"HRA71C02","Psychiatric In-patients (Rate per 100,000 Pop.)","2010","2010","-","Both sexes","16","Intellectual disability","Rate per 100,000 Pop.","3.6"
"HRA71C02","Psychiatric In-patients (Rate per 100,000 Pop.)","2010","2010","-","Both sexes","17","Development disorders","Rate per 100,000 Pop.","0.3"
"HRA71C02","Psychiatric In-patients (Rate per 100,000 Pop.)","2010","2010","-","Both sexes","18","Behavioural, emotional disorders of childhood and adolescence","Rate per 100,000 Pop.","0.2"
"HRA71C02","Psychiatric In-patients (Rate per 100,000 Pop.)","2010","2010","-","Both sexes","19","Other and unspecified","Rate per 100,000 Pop.","8.8"
"HRA71C02","Psychiatric In-patients (Rate per 100,000 Pop.)","2010","2010","-","Both sexes","20","Unspecified","Rate per 100,000 Pop.",""
"HRA71C02","Psychiatric In-patients (Rate per 100,000 Pop.)","2010","2010","-","Both sexes","21","All disorders","Rate per 100,000 Pop.","66.3"
"HRA71C02","Psychiatric In-patients (Rate per 100,000 Pop.)","2010","2010","1","Male","01","Organic category","Rate per 100,000 Pop.",""
"HRA71C02","Psychiatric In-patients (Rate per 100,000 Pop.)","2010","2010","1","Male","02","Organic mental disorders","Rate per 100,000 Pop.","7.3"
"HRA71C02","Psychiatric In-patients (Rate per 100,000 Pop.)","2010","2010","1","Male","03","Schizophrenia","Rate per 100,000 Pop.",""
"HRA71C02","Psychiatric In-patients (Rate per 100,000 Pop.)","2010","2010","1","Male","04","Schizophrenia, schizotypal and delusional disorders","Rate per 100,000 Pop.","28.6"
"HRA71C02","Psychiatric In-patients (Rate per 100,000 Pop.)","2010","2010","1","Male","05","Other psychoses","Rate per 100,000 Pop.",""
"HRA71C02","Psychiatric In-patients (Rate per 100,000 Pop.)","2010","2010","1","Male","06","Depressive disorders","Rate per 100,000 Pop.","8.6"
"HRA71C02","Psychiatric In-patients (Rate per 100,000 Pop.)","2010","2010","1","Male","07","Mania","Rate per 100,000 Pop.","4.2"
"HRA71C02","Psychiatric In-patients (Rate per 100,000 Pop.)","2010","2010","1","Male","08","Neuroses","Rate per 100,000 Pop.","1.8"
"HRA71C02","Psychiatric In-patients (Rate per 100,000 Pop.)","2010","2010","1","Male","09","Personality disorders","Rate per 100,000 Pop.",""
"HRA71C02","Psychiatric In-patients (Rate per 100,000 Pop.)","2010","2010","1","Male","10","Personality and behavioural disorders","Rate per 100,000 Pop.","1.2"
"HRA71C02","Psychiatric In-patients (Rate per 100,000 Pop.)","2010","2010","1","Male","11","Alcoholic disorders","Rate per 100,000 Pop.","3.1"
"HRA71C02","Psychiatric In-patients (Rate per 100,000 Pop.)","2010","2010","1","Male","12","Drug dependence","Rate per 100,000 Pop.",""
"HRA71C02","Psychiatric In-patients (Rate per 100,000 Pop.)","2010","2010","1","Male","13","Other drug disorders","Rate per 100,000 Pop.","1.6"
"HRA71C02","Psychiatric In-patients (Rate per 100,000 Pop.)","2010","2010","1","Male","14","Mental handicap","Rate per 100,000 Pop.",""
"HRA71C02","Psychiatric In-patients (Rate per 100,000 Pop.)","2010","2010","1","Male","15","Eating disorders","Rate per 100,000 Pop.","0"
"HRA71C02","Psychiatric In-patients (Rate per 100,000 Pop.)","2010","2010","1","Male","16","Intellectual disability","Rate per 100,000 Pop.","4.7"
"HRA71C02","Psychiatric In-patients (Rate per 100,000 Pop.)","2010","2010","1","Male","17","Development disorders","Rate per 100,000 Pop.","0.3"
"HRA71C02","Psychiatric In-patients (Rate per 100,000 Pop.)","2010","2010","1","Male","18","Behavioural, emotional disorders of childhood and adolescence","Rate per 100,000 Pop.","0.3"
"HRA71C02","Psychiatric In-patients (Rate per 100,000 Pop.)","2010","2010","1","Male","19","Other and unspecified","Rate per 100,000 Pop.","8.4"
"HRA71C02","Psychiatric In-patients (Rate per 100,000 Pop.)","2010","2010","1","Male","20","Unspecified","Rate per 100,000 Pop.",""
"HRA71C02","Psychiatric In-patients (Rate per 100,000 Pop.)","2010","2010","1","Male","21","All disorders","Rate per 100,000 Pop.","70.1"
"HRA71C02","Psychiatric In-patients (Rate per 100,000 Pop.)","2010","2010","2","Female","01","Organic category","Rate per 100,000 Pop.",""
"HRA71C02","Psychiatric In-patients (Rate per 100,000 Pop.)","2010","2010","2","Female","02","Organic mental disorders","Rate per 100,000 Pop.","5.6"
"HRA71C02","Psychiatric In-patients (Rate per 100,000 Pop.)","2010","2010","2","Female","03","Schizophrenia","Rate per 100,000 Pop.",""
"HRA71C02","Psychiatric In-patients (Rate per 100,000 Pop.)","2010","2010","2","Female","04","Schizophrenia, schizotypal and delusional disorders","Rate per 100,000 Pop.","16.6"
"HRA71C02","Psychiatric In-patients (Rate per 100,000 Pop.)","2010","2010","2","Female","05","Other psychoses","Rate per 100,000 Pop.",""
"HRA71C02","Psychiatric In-patients (Rate per 100,000 Pop.)","2010","2010","2","Female","06","Depressive disorders","Rate per 100,000 Pop.","14.1"
"HRA71C02","Psychiatric In-patients (Rate per 100,000 Pop.)","2010","2010","2","Female","07","Mania","Rate per 100,000 Pop.","6"
"HRA71C02","Psychiatric In-patients (Rate per 100,000 Pop.)","2010","2010","2","Female","08","Neuroses","Rate per 100,000 Pop.","2.8"
"HRA71C02","Psychiatric In-patients (Rate per 100,000 Pop.)","2010","2010","2","Female","09","Personality disorders","Rate per 100,000 Pop.",""
"HRA71C02","Psychiatric In-patients (Rate per 100,000 Pop.)","2010","2010","2","Female","10","Personality and behavioural disorders","Rate per 100,000 Pop.","2.5"
"HRA71C02","Psychiatric In-patients (Rate per 100,000 Pop.)","2010","2010","2","Female","11","Alcoholic disorders","Rate per 100,000 Pop.","1.6"
"HRA71C02","Psychiatric In-patients (Rate per 100,000 Pop.)","2010","2010","2","Female","12","Drug dependence","Rate per 100,000 Pop.",""
"HRA71C02","Psychiatric In-patients (Rate per 100,000 Pop.)","2010","2010","2","Female","13","Other drug disorders","Rate per 100,000 Pop.","0.6"
"HRA71C02","Psychiatric In-patients (Rate per 100,000 Pop.)","2010","2010","2","Female","14","Mental handicap","Rate per 100,000 Pop.",""
"HRA71C02","Psychiatric In-patients (Rate per 100,000 Pop.)","2010","2010","2","Female","15","Eating disorders","Rate per 100,000 Pop.","0.9"
"HRA71C02","Psychiatric In-patients (Rate per 100,000 Pop.)","2010","2010","2","Female","16","Intellectual disability","Rate per 100,000 Pop.","2.5"
"HRA71C02","Psychiatric In-patients (Rate per 100,000 Pop.)","2010","2010","2","Female","17","Development disorders","Rate per 100,000 Pop.","0.2"
"HRA71C02","Psychiatric In-patients (Rate per 100,000 Pop.)","2010","2010","2","Female","18","Behavioural, emotional disorders of childhood and adolescence","Rate per 100,000 Pop.","0.1"
"HRA71C02","Psychiatric In-patients (Rate per 100,000 Pop.)","2010","2010","2","Female","19","Other and unspecified","Rate per 100,000 Pop.","9.1"
"HRA71C02","Psychiatric In-patients (Rate per 100,000 Pop.)","2010","2010","2","Female","20","Unspecified","Rate per 100,000 Pop.",""
"HRA71C02","Psychiatric In-patients (Rate per 100,000 Pop.)","2010","2010","2","Female","21","All disorders","Rate per 100,000 Pop.","62.5"
"HRA71C02","Psychiatric In-patients (Rate per 100,000 Pop.)","2013","2013","-","Both sexes","01","Organic category","Rate per 100,000 Pop.",""
"HRA71C02","Psychiatric In-patients (Rate per 100,000 Pop.)","2013","2013","-","Both sexes","02","Organic mental disorders","Rate per 100,000 Pop.","5.6"
"HRA71C02","Psychiatric In-patients (Rate per 100,000 Pop.)","2013","2013","-","Both sexes","03","Schizophrenia","Rate per 100,000 Pop.",""
"HRA71C02","Psychiatric In-patients (Rate per 100,000 Pop.)","2013","2013","-","Both sexes","04","Schizophrenia, schizotypal and delusional disorders","Rate per 100,000 Pop.","16.4"
"HRA71C02","Psychiatric In-patients (Rate per 100,000 Pop.)","2013","2013","-","Both sexes","05","Other psychoses","Rate per 100,000 Pop.",""
"HRA71C02","Psychiatric In-patients (Rate per 100,000 Pop.)","2013","2013","-","Both sexes","06","Depressive disorders","Rate per 100,000 Pop.","8.7"
"HRA71C02","Psychiatric In-patients (Rate per 100,000 Pop.)","2013","2013","-","Both sexes","07","Mania","Rate per 100,000 Pop.","4.3"
"HRA71C02","Psychiatric In-patients (Rate per 100,000 Pop.)","2013","2013","-","Both sexes","08","Neuroses","Rate per 100,000 Pop.","1.9"
"HRA71C02","Psychiatric In-patients (Rate per 100,000 Pop.)","2013","2013","-","Both sexes","09","Personality disorders","Rate per 100,000 Pop.",""
"HRA71C02","Psychiatric In-patients (Rate per 100,000 Pop.)","2013","2013","-","Both sexes","10","Personality and behavioural disorders","Rate per 100,000 Pop.","1.5"
"HRA71C02","Psychiatric In-patients (Rate per 100,000 Pop.)","2013","2013","-","Both sexes","11","Alcoholic disorders","Rate per 100,000 Pop.","1.6"
"HRA71C02","Psychiatric In-patients (Rate per 100,000 Pop.)","2013","2013","-","Both sexes","12","Drug dependence","Rate per 100,000 Pop.",""
"HRA71C02","Psychiatric In-patients (Rate per 100,000 Pop.)","2013","2013","-","Both sexes","13","Other drug disorders","Rate per 100,000 Pop.","0.6"
"HRA71C02","Psychiatric In-patients (Rate per 100,000 Pop.)","2013","2013","-","Both sexes","14","Mental handicap","Rate per 100,000 Pop.",""
"HRA71C02","Psychiatric In-patients (Rate per 100,000 Pop.)","2013","2013","-","Both sexes","15","Eating disorders","Rate per 100,000 Pop.","0.4"
"HRA71C02","Psychiatric In-patients (Rate per 100,000 Pop.)","2013","2013","-","Both sexes","16","Intellectual disability","Rate per 100,000 Pop.","3.5"
"HRA71C02","Psychiatric In-patients (Rate per 100,000 Pop.)","2013","2013","-","Both sexes","17","Development disorders","Rate per 100,000 Pop.","0.1"
"HRA71C02","Psychiatric In-patients (Rate per 100,000 Pop.)","2013","2013","-","Both sexes","18","Behavioural, emotional disorders of childhood and adolescence","Rate per 100,000 Pop.","0"
"HRA71C02","Psychiatric In-patients (Rate per 100,000 Pop.)","2013","2013","-","Both sexes","19","Other and unspecified","Rate per 100,000 Pop.","7.9"
"HRA71C02","Psychiatric In-patients (Rate per 100,000 Pop.)","2013","2013","-","Both sexes","20","Unspecified","Rate per 100,000 Pop.",""
"HRA71C02","Psychiatric In-patients (Rate per 100,000 Pop.)","2013","2013","-","Both sexes","21","All disorders","Rate per 100,000 Pop.","52.3"
"HRA71C02","Psychiatric In-patients (Rate per 100,000 Pop.)","2013","2013","1","Male","01","Organic category","Rate per 100,000 Pop.",""
"HRA71C02","Psychiatric In-patients (Rate per 100,000 Pop.)","2013","2013","1","Male","02","Organic mental disorders","Rate per 100,000 Pop.","6.5"
"HRA71C02","Psychiatric In-patients (Rate per 100,000 Pop.)","2013","2013","1","Male","03","Schizophrenia","Rate per 100,000 Pop.",""
"HRA71C02","Psychiatric In-patients (Rate per 100,000 Pop.)","2013","2013","1","Male","04","Schizophrenia, schizotypal and delusional disorders","Rate per 100,000 Pop.","21"
"HRA71C02","Psychiatric In-patients (Rate per 100,000 Pop.)","2013","2013","1","Male","05","Other psychoses","Rate per 100,000 Pop.",""
"HRA71C02","Psychiatric In-patients (Rate per 100,000 Pop.)","2013","2013","1","Male","06","Depressive disorders","Rate per 100,000 Pop.","7.2"
"HRA71C02","Psychiatric In-patients (Rate per 100,000 Pop.)","2013","2013","1","Male","07","Mania","Rate per 100,000 Pop.","4.2"
"HRA71C02","Psychiatric In-patients (Rate per 100,000 Pop.)","2013","2013","1","Male","08","Neuroses","Rate per 100,000 Pop.","1.9"
"HRA71C02","Psychiatric In-patients (Rate per 100,000 Pop.)","2013","2013","1","Male","09","Personality disorders","Rate per 100,000 Pop.",""
"HRA71C02","Psychiatric In-patients (Rate per 100,000 Pop.)","2013","2013","1","Male","10","Personality and behavioural disorders","Rate per 100,000 Pop.","0.9"
"HRA71C02","Psychiatric In-patients (Rate per 100,000 Pop.)","2013","2013","1","Male","11","Alcoholic disorders","Rate per 100,000 Pop.","2.1"
"HRA71C02","Psychiatric In-patients (Rate per 100,000 Pop.)","2013","2013","1","Male","12","Drug dependence","Rate per 100,000 Pop.",""
"HRA71C02","Psychiatric In-patients (Rate per 100,000 Pop.)","2013","2013","1","Male","13","Other drug disorders","Rate per 100,000 Pop.","1"
"HRA71C02","Psychiatric In-patients (Rate per 100,000 Pop.)","2013","2013","1","Male","14","Mental handicap","Rate per 100,000 Pop.",""
"HRA71C02","Psychiatric In-patients (Rate per 100,000 Pop.)","2013","2013","1","Male","15","Eating disorders","Rate per 100,000 Pop.","0"
"HRA71C02","Psychiatric In-patients (Rate per 100,000 Pop.)","2013","2013","1","Male","16","Intellectual disability","Rate per 100,000 Pop.","4.9"
"HRA71C02","Psychiatric In-patients (Rate per 100,000 Pop.)","2013","2013","1","Male","17","Development disorders","Rate per 100,000 Pop.","0.2"
"HRA71C02","Psychiatric In-patients (Rate per 100,000 Pop.)","2013","2013","1","Male","18","Behavioural, emotional disorders of childhood and adolescence","Rate per 100,000 Pop.","0"
"HRA71C02","Psychiatric In-patients (Rate per 100,000 Pop.)","2013","2013","1","Male","19","Other and unspecified","Rate per 100,000 Pop.","8.5"
"HRA71C02","Psychiatric In-patients (Rate per 100,000 Pop.)","2013","2013","1","Male","20","Unspecified","Rate per 100,000 Pop.",""
"HRA71C02","Psychiatric In-patients (Rate per 100,000 Pop.)","2013","2013","1","Male","21","All disorders","Rate per 100,000 Pop.","58.3"
"HRA71C02","Psychiatric In-patients (Rate per 100,000 Pop.)","2013","2013","2","Female","01","Organic category","Rate per 100,000 Pop.",""
"HRA71C02","Psychiatric In-patients (Rate per 100,000 Pop.)","2013","2013","2","Female","02","Organic mental disorders","Rate per 100,000 Pop.","4.8"
"HRA71C02","Psychiatric In-patients (Rate per 100,000 Pop.)","2013","2013","2","Female","03","Schizophrenia","Rate per 100,000 Pop.",""
"HRA71C02","Psychiatric In-patients (Rate per 100,000 Pop.)","2013","2013","2","Female","04","Schizophrenia, schizotypal and delusional disorders","Rate per 100,000 Pop.","11.8"
"HRA71C02","Psychiatric In-patients (Rate per 100,000 Pop.)","2013","2013","2","Female","05","Other psychoses","Rate per 100,000 Pop.",""
"HRA71C02","Psychiatric In-patients (Rate per 100,000 Pop.)","2013","2013","2","Female","06","Depressive disorders","Rate per 100,000 Pop.","10.1"
"HRA71C02","Psychiatric In-patients (Rate per 100,000 Pop.)","2013","2013","2","Female","07","Mania","Rate per 100,000 Pop.","4.5"
"HRA71C02","Psychiatric In-patients (Rate per 100,000 Pop.)","2013","2013","2","Female","08","Neuroses","Rate per 100,000 Pop.","1.8"
"HRA71C02","Psychiatric In-patients (Rate per 100,000 Pop.)","2013","2013","2","Female","09","Personality disorders","Rate per 100,000 Pop.",""
"HRA71C02","Psychiatric In-patients (Rate per 100,000 Pop.)","2013","2013","2","Female","10","Personality and behavioural disorders","Rate per 100,000 Pop.","2"
"HRA71C02","Psychiatric In-patients (Rate per 100,000 Pop.)","2013","2013","2","Female","11","Alcoholic disorders","Rate per 100,000 Pop.","1.1"
"HRA71C02","Psychiatric In-patients (Rate per 100,000 Pop.)","2013","2013","2","Female","12","Drug dependence","Rate per 100,000 Pop.",""
"HRA71C02","Psychiatric In-patients (Rate per 100,000 Pop.)","2013","2013","2","Female","13","Other drug disorders","Rate per 100,000 Pop.","0.2"
"HRA71C02","Psychiatric In-patients (Rate per 100,000 Pop.)","2013","2013","2","Female","14","Mental handicap","Rate per 100,000 Pop.",""
"HRA71C02","Psychiatric In-patients (Rate per 100,000 Pop.)","2013","2013","2","Female","15","Eating disorders","Rate per 100,000 Pop.","0.8"
"HRA71C02","Psychiatric In-patients (Rate per 100,000 Pop.)","2013","2013","2","Female","16","Intellectual disability","Rate per 100,000 Pop.","2.2"
"HRA71C02","Psychiatric In-patients (Rate per 100,000 Pop.)","2013","2013","2","Female","17","Development disorders","Rate per 100,000 Pop.","0"
"HRA71C02","Psychiatric In-patients (Rate per 100,000 Pop.)","2013","2013","2","Female","18","Behavioural, emotional disorders of childhood and adolescence","Rate per 100,000 Pop.","0"
"HRA71C02","Psychiatric In-patients (Rate per 100,000 Pop.)","2013","2013","2","Female","19","Other and unspecified","Rate per 100,000 Pop.","7.3"
"HRA71C02","Psychiatric In-patients (Rate per 100,000 Pop.)","2013","2013","2","Female","20","Unspecified","Rate per 100,000 Pop.",""
"HRA71C02","Psychiatric In-patients (Rate per 100,000 Pop.)","2013","2013","2","Female","21","All disorders","Rate per 100,000 Pop.","46.5"
"HRA71C02","Psychiatric In-patients (Rate per 100,000 Pop.)","2015","2015","-","Both sexes","01","Organic category","Rate per 100,000 Pop.",""
"HRA71C02","Psychiatric In-patients (Rate per 100,000 Pop.)","2015","2015","-","Both sexes","02","Organic mental disorders","Rate per 100,000 Pop.","6.3"
"HRA71C02","Psychiatric In-patients (Rate per 100,000 Pop.)","2015","2015","-","Both sexes","03","Schizophrenia","Rate per 100,000 Pop.",""
"HRA71C02","Psychiatric In-patients (Rate per 100,000 Pop.)","2015","2015","-","Both sexes","04","Schizophrenia, schizotypal and delusional disorders","Rate per 100,000 Pop.","16.2"
"HRA71C02","Psychiatric In-patients (Rate per 100,000 Pop.)","2015","2015","-","Both sexes","05","Other psychoses","Rate per 100,000 Pop.",""
"HRA71C02","Psychiatric In-patients (Rate per 100,000 Pop.)","2015","2015","-","Both sexes","06","Depressive disorders","Rate per 100,000 Pop.","7.7"
"HRA71C02","Psychiatric In-patients (Rate per 100,000 Pop.)","2015","2015","-","Both sexes","07","Mania","Rate per 100,000 Pop.","3.9"
"HRA71C02","Psychiatric In-patients (Rate per 100,000 Pop.)","2015","2015","-","Both sexes","08","Neuroses","Rate per 100,000 Pop.","1.8"
"HRA71C02","Psychiatric In-patients (Rate per 100,000 Pop.)","2015","2015","-","Both sexes","09","Personality disorders","Rate per 100,000 Pop.",""
"HRA71C02","Psychiatric In-patients (Rate per 100,000 Pop.)","2015","2015","-","Both sexes","10","Personality and behavioural disorders","Rate per 100,000 Pop.","1.6"
"HRA71C02","Psychiatric In-patients (Rate per 100,000 Pop.)","2015","2015","-","Both sexes","11","Alcoholic disorders","Rate per 100,000 Pop.","1.6"
"HRA71C02","Psychiatric In-patients (Rate per 100,000 Pop.)","2015","2015","-","Both sexes","12","Drug dependence","Rate per 100,000 Pop.",""
"HRA71C02","Psychiatric In-patients (Rate per 100,000 Pop.)","2015","2015","-","Both sexes","13","Other drug disorders","Rate per 100,000 Pop.","0.9"
"HRA71C02","Psychiatric In-patients (Rate per 100,000 Pop.)","2015","2015","-","Both sexes","14","Mental handicap","Rate per 100,000 Pop.",""
"HRA71C02","Psychiatric In-patients (Rate per 100,000 Pop.)","2015","2015","-","Both sexes","15","Eating disorders","Rate per 100,000 Pop.","0.3"
"HRA71C02","Psychiatric In-patients (Rate per 100,000 Pop.)","2015","2015","-","Both sexes","16","Intellectual disability","Rate per 100,000 Pop.","2.7"
"HRA71C02","Psychiatric In-patients (Rate per 100,000 Pop.)","2015","2015","-","Both sexes","17","Development disorders","Rate per 100,000 Pop.","0.2"
"HRA71C02","Psychiatric In-patients (Rate per 100,000 Pop.)","2015","2015","-","Both sexes","18","Behavioural, emotional disorders of childhood and adolescence","Rate per 100,000 Pop.","0"
"HRA71C02","Psychiatric In-patients (Rate per 100,000 Pop.)","2015","2015","-","Both sexes","19","Other and unspecified","Rate per 100,000 Pop.","7.6"
"HRA71C02","Psychiatric In-patients (Rate per 100,000 Pop.)","2015","2015","-","Both sexes","20","Unspecified","Rate per 100,000 Pop.",""
"HRA71C02","Psychiatric In-patients (Rate per 100,000 Pop.)","2015","2015","-","Both sexes","21","All disorders","Rate per 100,000 Pop.","50.9"
"HRA71C02","Psychiatric In-patients (Rate per 100,000 Pop.)","2015","2015","1","Male","01","Organic category","Rate per 100,000 Pop.",""
"HRA71C02","Psychiatric In-patients (Rate per 100,000 Pop.)","2015","2015","1","Male","02","Organic mental disorders","Rate per 100,000 Pop.","7.9"
"HRA71C02","Psychiatric In-patients (Rate per 100,000 Pop.)","2015","2015","1","Male","03","Schizophrenia","Rate per 100,000 Pop.",""
"HRA71C02","Psychiatric In-patients (Rate per 100,000 Pop.)","2015","2015","1","Male","04","Schizophrenia, schizotypal and delusional disorders","Rate per 100,000 Pop.","20.3"
"HRA71C02","Psychiatric In-patients (Rate per 100,000 Pop.)","2015","2015","1","Male","05","Other psychoses","Rate per 100,000 Pop.",""
"HRA71C02","Psychiatric In-patients (Rate per 100,000 Pop.)","2015","2015","1","Male","06","Depressive disorders","Rate per 100,000 Pop.","7.4"
"HRA71C02","Psychiatric In-patients (Rate per 100,000 Pop.)","2015","2015","1","Male","07","Mania","Rate per 100,000 Pop.","3"
"HRA71C02","Psychiatric In-patients (Rate per 100,000 Pop.)","2015","2015","1","Male","08","Neuroses","Rate per 100,000 Pop.","1.3"
"HRA71C02","Psychiatric In-patients (Rate per 100,000 Pop.)","2015","2015","1","Male","09","Personality disorders","Rate per 100,000 Pop.",""
"HRA71C02","Psychiatric In-patients (Rate per 100,000 Pop.)","2015","2015","1","Male","10","Personality and behavioural disorders","Rate per 100,000 Pop.","1.5"
"HRA71C02","Psychiatric In-patients (Rate per 100,000 Pop.)","2015","2015","1","Male","11","Alcoholic disorders","Rate per 100,000 Pop.","2.1"
"HRA71C02","Psychiatric In-patients (Rate per 100,000 Pop.)","2015","2015","1","Male","12","Drug dependence","Rate per 100,000 Pop.",""
"HRA71C02","Psychiatric In-patients (Rate per 100,000 Pop.)","2015","2015","1","Male","13","Other drug disorders","Rate per 100,000 Pop.","1.3"
"HRA71C02","Psychiatric In-patients (Rate per 100,000 Pop.)","2015","2015","1","Male","14","Mental handicap","Rate per 100,000 Pop.",""
"HRA71C02","Psychiatric In-patients (Rate per 100,000 Pop.)","2015","2015","1","Male","15","Eating disorders","Rate per 100,000 Pop.","0"
"HRA71C02","Psychiatric In-patients (Rate per 100,000 Pop.)","2015","2015","1","Male","16","Intellectual disability","Rate per 100,000 Pop.","3.6"
"HRA71C02","Psychiatric In-patients (Rate per 100,000 Pop.)","2015","2015","1","Male","17","Development disorders","Rate per 100,000 Pop.","0.4"
"HRA71C02","Psychiatric In-patients (Rate per 100,000 Pop.)","2015","2015","1","Male","18","Behavioural, emotional disorders of childhood and adolescence","Rate per 100,000 Pop.","0.1"
"HRA71C02","Psychiatric In-patients (Rate per 100,000 Pop.)","2015","2015","1","Male","19","Other and unspecified","Rate per 100,000 Pop.","7.1"
"HRA71C02","Psychiatric In-patients (Rate per 100,000 Pop.)","2015","2015","1","Male","20","Unspecified","Rate per 100,000 Pop.",""
"HRA71C02","Psychiatric In-patients (Rate per 100,000 Pop.)","2015","2015","1","Male","21","All disorders","Rate per 100,000 Pop.","56.1"
"HRA71C02","Psychiatric In-patients (Rate per 100,000 Pop.)","2015","2015","2","Female","01","Organic category","Rate per 100,000 Pop.",""
"HRA71C02","Psychiatric In-patients (Rate per 100,000 Pop.)","2015","2015","2","Female","02","Organic mental disorders","Rate per 100,000 Pop.","4.8"
"HRA71C02","Psychiatric In-patients (Rate per 100,000 Pop.)","2015","2015","2","Female","03","Schizophrenia","Rate per 100,000 Pop.",""
"HRA71C02","Psychiatric In-patients (Rate per 100,000 Pop.)","2015","2015","2","Female","04","Schizophrenia, schizotypal and delusional disorders","Rate per 100,000 Pop.","12.2"
"HRA71C02","Psychiatric In-patients (Rate per 100,000 Pop.)","2015","2015","2","Female","05","Other psychoses","Rate per 100,000 Pop.",""
"HRA71C02","Psychiatric In-patients (Rate per 100,000 Pop.)","2015","2015","2","Female","06","Depressive disorders","Rate per 100,000 Pop.","8"
"HRA71C02","Psychiatric In-patients (Rate per 100,000 Pop.)","2015","2015","2","Female","07","Mania","Rate per 100,000 Pop.","4.8"
"HRA71C02","Psychiatric In-patients (Rate per 100,000 Pop.)","2015","2015","2","Female","08","Neuroses","Rate per 100,000 Pop.","2.3"
"HRA71C02","Psychiatric In-patients (Rate per 100,000 Pop.)","2015","2015","2","Female","09","Personality disorders","Rate per 100,000 Pop.",""
"HRA71C02","Psychiatric In-patients (Rate per 100,000 Pop.)","2015","2015","2","Female","10","Personality and behavioural disorders","Rate per 100,000 Pop.","1.8"
"HRA71C02","Psychiatric In-patients (Rate per 100,000 Pop.)","2015","2015","2","Female","11","Alcoholic disorders","Rate per 100,000 Pop.","1.1"
"HRA71C02","Psychiatric In-patients (Rate per 100,000 Pop.)","2015","2015","2","Female","12","Drug dependence","Rate per 100,000 Pop.",""
"HRA71C02","Psychiatric In-patients (Rate per 100,000 Pop.)","2015","2015","2","Female","13","Other drug disorders","Rate per 100,000 Pop.","0.4"
"HRA71C02","Psychiatric In-patients (Rate per 100,000 Pop.)","2015","2015","2","Female","14","Mental handicap","Rate per 100,000 Pop.",""
"HRA71C02","Psychiatric In-patients (Rate per 100,000 Pop.)","2015","2015","2","Female","15","Eating disorders","Rate per 100,000 Pop.","0.5"
"HRA71C02","Psychiatric In-patients (Rate per 100,000 Pop.)","2015","2015","2","Female","16","Intellectual disability","Rate per 100,000 Pop.","1.9"
"HRA71C02","Psychiatric In-patients (Rate per 100,000 Pop.)","2015","2015","2","Female","17","Development disorders","Rate per 100,000 Pop.","0"
"HRA71C02","Psychiatric In-patients (Rate per 100,000 Pop.)","2015","2015","2","Female","18","Behavioural, emotional disorders of childhood and adolescence","Rate per 100,000 Pop.","0"
"HRA71C02","Psychiatric In-patients (Rate per 100,000 Pop.)","2015","2015","2","Female","19","Other and unspecified","Rate per 100,000 Pop.","8"
"HRA71C02","Psychiatric In-patients (Rate per 100,000 Pop.)","2015","2015","2","Female","20","Unspecified","Rate per 100,000 Pop.",""
"HRA71C02","Psychiatric In-patients (Rate per 100,000 Pop.)","2015","2015","2","Female","21","All disorders","Rate per 100,000 Pop.","45.9"
"HRA71C02","Psychiatric In-patients (Rate per 100,000 Pop.)","2016","2016","-","Both sexes","01","Organic category","Rate per 100,000 Pop.",""
"HRA71C02","Psychiatric In-patients (Rate per 100,000 Pop.)","2016","2016","-","Both sexes","02","Organic mental disorders","Rate per 100,000 Pop.","6.1"
"HRA71C02","Psychiatric In-patients (Rate per 100,000 Pop.)","2016","2016","-","Both sexes","03","Schizophrenia","Rate per 100,000 Pop.",""
"HRA71C02","Psychiatric In-patients (Rate per 100,000 Pop.)","2016","2016","-","Both sexes","04","Schizophrenia, schizotypal and delusional disorders","Rate per 100,000 Pop.","16.8"
"HRA71C02","Psychiatric In-patients (Rate per 100,000 Pop.)","2016","2016","-","Both sexes","05","Other psychoses","Rate per 100,000 Pop.",""
"HRA71C02","Psychiatric In-patients (Rate per 100,000 Pop.)","2016","2016","-","Both sexes","06","Depressive disorders","Rate per 100,000 Pop.","7.5"
"HRA71C02","Psychiatric In-patients (Rate per 100,000 Pop.)","2016","2016","-","Both sexes","07","Mania","Rate per 100,000 Pop.","4.2"
"HRA71C02","Psychiatric In-patients (Rate per 100,000 Pop.)","2016","2016","-","Both sexes","08","Neuroses","Rate per 100,000 Pop.","1.8"
"HRA71C02","Psychiatric In-patients (Rate per 100,000 Pop.)","2016","2016","-","Both sexes","09","Personality disorders","Rate per 100,000 Pop.",""
"HRA71C02","Psychiatric In-patients (Rate per 100,000 Pop.)","2016","2016","-","Both sexes","10","Personality and behavioural disorders","Rate per 100,000 Pop.","1.6"
"HRA71C02","Psychiatric In-patients (Rate per 100,000 Pop.)","2016","2016","-","Both sexes","11","Alcoholic disorders","Rate per 100,000 Pop.","1.3"
"HRA71C02","Psychiatric In-patients (Rate per 100,000 Pop.)","2016","2016","-","Both sexes","12","Drug dependence","Rate per 100,000 Pop.",""
"HRA71C02","Psychiatric In-patients (Rate per 100,000 Pop.)","2016","2016","-","Both sexes","13","Other drug disorders","Rate per 100,000 Pop.","0.8"
"HRA71C02","Psychiatric In-patients (Rate per 100,000 Pop.)","2016","2016","-","Both sexes","14","Mental handicap","Rate per 100,000 Pop.",""
"HRA71C02","Psychiatric In-patients (Rate per 100,000 Pop.)","2016","2016","-","Both sexes","15","Eating disorders","Rate per 100,000 Pop.","0.5"
"HRA71C02","Psychiatric In-patients (Rate per 100,000 Pop.)","2016","2016","-","Both sexes","16","Intellectual disability","Rate per 100,000 Pop.","2.7"
"HRA71C02","Psychiatric In-patients (Rate per 100,000 Pop.)","2016","2016","-","Both sexes","17","Development disorders","Rate per 100,000 Pop.","0.2"
"HRA71C02","Psychiatric In-patients (Rate per 100,000 Pop.)","2016","2016","-","Both sexes","18","Behavioural, emotional disorders of childhood and adolescence","Rate per 100,000 Pop.","0"
"HRA71C02","Psychiatric In-patients (Rate per 100,000 Pop.)","2016","2016","-","Both sexes","19","Other and unspecified","Rate per 100,000 Pop.","5.9"
"HRA71C02","Psychiatric In-patients (Rate per 100,000 Pop.)","2016","2016","-","Both sexes","20","Unspecified","Rate per 100,000 Pop.",""
"HRA71C02","Psychiatric In-patients (Rate per 100,000 Pop.)","2016","2016","-","Both sexes","21","All disorders","Rate per 100,000 Pop.","49.6"
"HRA71C02","Psychiatric In-patients (Rate per 100,000 Pop.)","2016","2016","1","Male","01","Organic category","Rate per 100,000 Pop.",""
"HRA71C02","Psychiatric In-patients (Rate per 100,000 Pop.)","2016","2016","1","Male","02","Organic mental disorders","Rate per 100,000 Pop.","7.3"
"HRA71C02","Psychiatric In-patients (Rate per 100,000 Pop.)","2016","2016","1","Male","03","Schizophrenia","Rate per 100,000 Pop.",""
"HRA71C02","Psychiatric In-patients (Rate per 100,000 Pop.)","2016","2016","1","Male","04","Schizophrenia, schizotypal and delusional disorders","Rate per 100,000 Pop.","20.9"
"HRA71C02","Psychiatric In-patients (Rate per 100,000 Pop.)","2016","2016","1","Male","05","Other psychoses","Rate per 100,000 Pop.",""
"HRA71C02","Psychiatric In-patients (Rate per 100,000 Pop.)","2016","2016","1","Male","06","Depressive disorders","Rate per 100,000 Pop.","6.3"
"HRA71C02","Psychiatric In-patients (Rate per 100,000 Pop.)","2016","2016","1","Male","07","Mania","Rate per 100,000 Pop.","3.7"
"HRA71C02","Psychiatric In-patients (Rate per 100,000 Pop.)","2016","2016","1","Male","08","Neuroses","Rate per 100,000 Pop.","1.6"
"HRA71C02","Psychiatric In-patients (Rate per 100,000 Pop.)","2016","2016","1","Male","09","Personality disorders","Rate per 100,000 Pop.",""
"HRA71C02","Psychiatric In-patients (Rate per 100,000 Pop.)","2016","2016","1","Male","10","Personality and behavioural disorders","Rate per 100,000 Pop.","1.1"
"HRA71C02","Psychiatric In-patients (Rate per 100,000 Pop.)","2016","2016","1","Male","11","Alcoholic disorders","Rate per 100,000 Pop.","1.6"
"HRA71C02","Psychiatric In-patients (Rate per 100,000 Pop.)","2016","2016","1","Male","12","Drug dependence","Rate per 100,000 Pop.",""
"HRA71C02","Psychiatric In-patients (Rate per 100,000 Pop.)","2016","2016","1","Male","13","Other drug disorders","Rate per 100,000 Pop.","1.2"
"HRA71C02","Psychiatric In-patients (Rate per 100,000 Pop.)","2016","2016","1","Male","14","Mental handicap","Rate per 100,000 Pop.",""
"HRA71C02","Psychiatric In-patients (Rate per 100,000 Pop.)","2016","2016","1","Male","15","Eating disorders","Rate per 100,000 Pop.","0"
"HRA71C02","Psychiatric In-patients (Rate per 100,000 Pop.)","2016","2016","1","Male","16","Intellectual disability","Rate per 100,000 Pop.","3.7"
"HRA71C02","Psychiatric In-patients (Rate per 100,000 Pop.)","2016","2016","1","Male","17","Development disorders","Rate per 100,000 Pop.","0.4"
"HRA71C02","Psychiatric In-patients (Rate per 100,000 Pop.)","2016","2016","1","Male","18","Behavioural, emotional disorders of childhood and adolescence","Rate per 100,000 Pop.","0"
"HRA71C02","Psychiatric In-patients (Rate per 100,000 Pop.)","2016","2016","1","Male","19","Other and unspecified","Rate per 100,000 Pop.","6.4"
"HRA71C02","Psychiatric In-patients (Rate per 100,000 Pop.)","2016","2016","1","Male","20","Unspecified","Rate per 100,000 Pop.",""
"HRA71C02","Psychiatric In-patients (Rate per 100,000 Pop.)","2016","2016","1","Male","21","All disorders","Rate per 100,000 Pop.","54.2"
"HRA71C02","Psychiatric In-patients (Rate per 100,000 Pop.)","2016","2016","2","Female","01","Organic category","Rate per 100,000 Pop.",""
"HRA71C02","Psychiatric In-patients (Rate per 100,000 Pop.)","2016","2016","2","Female","02","Organic mental disorders","Rate per 100,000 Pop.","4.9"
"HRA71C02","Psychiatric In-patients (Rate per 100,000 Pop.)","2016","2016","2","Female","03","Schizophrenia","Rate per 100,000 Pop.",""
"HRA71C02","Psychiatric In-patients (Rate per 100,000 Pop.)","2016","2016","2","Female","04","Schizophrenia, schizotypal and delusional disorders","Rate per 100,000 Pop.","12.9"
"HRA71C02","Psychiatric In-patients (Rate per 100,000 Pop.)","2016","2016","2","Female","05","Other psychoses","Rate per 100,000 Pop.",""
"HRA71C02","Psychiatric In-patients (Rate per 100,000 Pop.)","2016","2016","2","Female","06","Depressive disorders","Rate per 100,000 Pop.","8.8"
"HRA71C02","Psychiatric In-patients (Rate per 100,000 Pop.)","2016","2016","2","Female","07","Mania","Rate per 100,000 Pop.","4.8"
"HRA71C02","Psychiatric In-patients (Rate per 100,000 Pop.)","2016","2016","2","Female","08","Neuroses","Rate per 100,000 Pop.","2"
"HRA71C02","Psychiatric In-patients (Rate per 100,000 Pop.)","2016","2016","2","Female","09","Personality disorders","Rate per 100,000 Pop.",""
"HRA71C02","Psychiatric In-patients (Rate per 100,000 Pop.)","2016","2016","2","Female","10","Personality and behavioural disorders","Rate per 100,000 Pop.","2.2"
"HRA71C02","Psychiatric In-patients (Rate per 100,000 Pop.)","2016","2016","2","Female","11","Alcoholic disorders","Rate per 100,000 Pop.","1"
"HRA71C02","Psychiatric In-patients (Rate per 100,000 Pop.)","2016","2016","2","Female","12","Drug dependence","Rate per 100,000 Pop.",""
"HRA71C02","Psychiatric In-patients (Rate per 100,000 Pop.)","2016","2016","2","Female","13","Other drug disorders","Rate per 100,000 Pop.","0.4"
"HRA71C02","Psychiatric In-patients (Rate per 100,000 Pop.)","2016","2016","2","Female","14","Mental handicap","Rate per 100,000 Pop.",""
"HRA71C02","Psychiatric In-patients (Rate per 100,000 Pop.)","2016","2016","2","Female","15","Eating disorders","Rate per 100,000 Pop.","0.9"
"HRA71C02","Psychiatric In-patients (Rate per 100,000 Pop.)","2016","2016","2","Female","16","Intellectual disability","Rate per 100,000 Pop.","1.7"
"HRA71C02","Psychiatric In-patients (Rate per 100,000 Pop.)","2016","2016","2","Female","17","Development disorders","Rate per 100,000 Pop.","0.1"
"HRA71C02","Psychiatric In-patients (Rate per 100,000 Pop.)","2016","2016","2","Female","18","Behavioural, emotional disorders of childhood and adolescence","Rate per 100,000 Pop.","0"
"HRA71C02","Psychiatric In-patients (Rate per 100,000 Pop.)","2016","2016","2","Female","19","Other and unspecified","Rate per 100,000 Pop.","5.5"
"HRA71C02","Psychiatric In-patients (Rate per 100,000 Pop.)","2016","2016","2","Female","20","Unspecified","Rate per 100,000 Pop.",""
"HRA71C02","Psychiatric In-patients (Rate per 100,000 Pop.)","2016","2016","2","Female","21","All disorders","Rate per 100,000 Pop.","45.2"
"HRA71C02","Psychiatric In-patients (Rate per 100,000 Pop.)","2017","2017","-","Both sexes","01","Organic category","Rate per 100,000 Pop.",""
"HRA71C02","Psychiatric In-patients (Rate per 100,000 Pop.)","2017","2017","-","Both sexes","02","Organic mental disorders","Rate per 100,000 Pop.","5.7"
"HRA71C02","Psychiatric In-patients (Rate per 100,000 Pop.)","2017","2017","-","Both sexes","03","Schizophrenia","Rate per 100,000 Pop.",""
"HRA71C02","Psychiatric In-patients (Rate per 100,000 Pop.)","2017","2017","-","Both sexes","04","Schizophrenia, schizotypal and delusional disorders","Rate per 100,000 Pop.","16.1"
"HRA71C02","Psychiatric In-patients (Rate per 100,000 Pop.)","2017","2017","-","Both sexes","05","Other psychoses","Rate per 100,000 Pop.",""
"HRA71C02","Psychiatric In-patients (Rate per 100,000 Pop.)","2017","2017","-","Both sexes","06","Depressive disorders","Rate per 100,000 Pop.","6.5"
"HRA71C02","Psychiatric In-patients (Rate per 100,000 Pop.)","2017","2017","-","Both sexes","07","Mania","Rate per 100,000 Pop.","4"
"HRA71C02","Psychiatric In-patients (Rate per 100,000 Pop.)","2017","2017","-","Both sexes","08","Neuroses","Rate per 100,000 Pop.","1.5"
"HRA71C02","Psychiatric In-patients (Rate per 100,000 Pop.)","2017","2017","-","Both sexes","09","Personality disorders","Rate per 100,000 Pop.",""
"HRA71C02","Psychiatric In-patients (Rate per 100,000 Pop.)","2017","2017","-","Both sexes","10","Personality and behavioural disorders","Rate per 100,000 Pop.","1.8"
"HRA71C02","Psychiatric In-patients (Rate per 100,000 Pop.)","2017","2017","-","Both sexes","11","Alcoholic disorders","Rate per 100,000 Pop.","1.7"
"HRA71C02","Psychiatric In-patients (Rate per 100,000 Pop.)","2017","2017","-","Both sexes","12","Drug dependence","Rate per 100,000 Pop.",""
"HRA71C02","Psychiatric In-patients (Rate per 100,000 Pop.)","2017","2017","-","Both sexes","13","Other drug disorders","Rate per 100,000 Pop.","0.7"
"HRA71C02","Psychiatric In-patients (Rate per 100,000 Pop.)","2017","2017","-","Both sexes","14","Mental handicap","Rate per 100,000 Pop.",""
"HRA71C02","Psychiatric In-patients (Rate per 100,000 Pop.)","2017","2017","-","Both sexes","15","Eating disorders","Rate per 100,000 Pop.","0.3"
"HRA71C02","Psychiatric In-patients (Rate per 100,000 Pop.)","2017","2017","-","Both sexes","16","Intellectual disability","Rate per 100,000 Pop.","2.5"
"HRA71C02","Psychiatric In-patients (Rate per 100,000 Pop.)","2017","2017","-","Both sexes","17","Development disorders","Rate per 100,000 Pop.","0.2"
"HRA71C02","Psychiatric In-patients (Rate per 100,000 Pop.)","2017","2017","-","Both sexes","18","Behavioural, emotional disorders of childhood and adolescence","Rate per 100,000 Pop.","0"
"HRA71C02","Psychiatric In-patients (Rate per 100,000 Pop.)","2017","2017","-","Both sexes","19","Other and unspecified","Rate per 100,000 Pop.","7.6"
"HRA71C02","Psychiatric In-patients (Rate per 100,000 Pop.)","2017","2017","-","Both sexes","20","Unspecified","Rate per 100,000 Pop.",""
"HRA71C02","Psychiatric In-patients (Rate per 100,000 Pop.)","2017","2017","-","Both sexes","21","All disorders","Rate per 100,000 Pop.","48.8"
"HRA71C02","Psychiatric In-patients (Rate per 100,000 Pop.)","2017","2017","1","Male","01","Organic category","Rate per 100,000 Pop.",""
"HRA71C02","Psychiatric In-patients (Rate per 100,000 Pop.)","2017","2017","1","Male","02","Organic mental disorders","Rate per 100,000 Pop.","7.1"
"HRA71C02","Psychiatric In-patients (Rate per 100,000 Pop.)","2017","2017","1","Male","03","Schizophrenia","Rate per 100,000 Pop.",""
"HRA71C02","Psychiatric In-patients (Rate per 100,000 Pop.)","2017","2017","1","Male","04","Schizophrenia, schizotypal and delusional disorders","Rate per 100,000 Pop.","20.3"
"HRA71C02","Psychiatric In-patients (Rate per 100,000 Pop.)","2017","2017","1","Male","05","Other psychoses","Rate per 100,000 Pop.",""
"HRA71C02","Psychiatric In-patients (Rate per 100,000 Pop.)","2017","2017","1","Male","06","Depressive disorders","Rate per 100,000 Pop.","6"
"HRA71C02","Psychiatric In-patients (Rate per 100,000 Pop.)","2017","2017","1","Male","07","Mania","Rate per 100,000 Pop.","3.8"
"HRA71C02","Psychiatric In-patients (Rate per 100,000 Pop.)","2017","2017","1","Male","08","Neuroses","Rate per 100,000 Pop.","1.2"
"HRA71C02","Psychiatric In-patients (Rate per 100,000 Pop.)","2017","2017","1","Male","09","Personality disorders","Rate per 100,000 Pop.",""
"HRA71C02","Psychiatric In-patients (Rate per 100,000 Pop.)","2017","2017","1","Male","10","Personality and behavioural disorders","Rate per 100,000 Pop.","1.1"
"HRA71C02","Psychiatric In-patients (Rate per 100,000 Pop.)","2017","2017","1","Male","11","Alcoholic disorders","Rate per 100,000 Pop.","2.2"
"HRA71C02","Psychiatric In-patients (Rate per 100,000 Pop.)","2017","2017","1","Male","12","Drug dependence","Rate per 100,000 Pop.",""
"HRA71C02","Psychiatric In-patients (Rate per 100,000 Pop.)","2017","2017","1","Male","13","Other drug disorders","Rate per 100,000 Pop.","1.1"
"HRA71C02","Psychiatric In-patients (Rate per 100,000 Pop.)","2017","2017","1","Male","14","Mental handicap","Rate per 100,000 Pop.",""
"HRA71C02","Psychiatric In-patients (Rate per 100,000 Pop.)","2017","2017","1","Male","15","Eating disorders","Rate per 100,000 Pop.","0.1"
"HRA71C02","Psychiatric In-patients (Rate per 100,000 Pop.)","2017","2017","1","Male","16","Intellectual disability","Rate per 100,000 Pop.","3.5"
"HRA71C02","Psychiatric In-patients (Rate per 100,000 Pop.)","2017","2017","1","Male","17","Development disorders","Rate per 100,000 Pop.","0.5"
"HRA71C02","Psychiatric In-patients (Rate per 100,000 Pop.)","2017","2017","1","Male","18","Behavioural, emotional disorders of childhood and adolescence","Rate per 100,000 Pop.","0"
"HRA71C02","Psychiatric In-patients (Rate per 100,000 Pop.)","2017","2017","1","Male","19","Other and unspecified","Rate per 100,000 Pop.","7.4"
"HRA71C02","Psychiatric In-patients (Rate per 100,000 Pop.)","2017","2017","1","Male","20","Unspecified","Rate per 100,000 Pop.",""
"HRA71C02","Psychiatric In-patients (Rate per 100,000 Pop.)","2017","2017","1","Male","21","All disorders","Rate per 100,000 Pop.","54.5"
"HRA71C02","Psychiatric In-patients (Rate per 100,000 Pop.)","2017","2017","2","Female","01","Organic category","Rate per 100,000 Pop.",""
"HRA71C02","Psychiatric In-patients (Rate per 100,000 Pop.)","2017","2017","2","Female","02","Organic mental disorders","Rate per 100,000 Pop.","4.4"
"HRA71C02","Psychiatric In-patients (Rate per 100,000 Pop.)","2017","2017","2","Female","03","Schizophrenia","Rate per 100,000 Pop.",""
"HRA71C02","Psychiatric In-patients (Rate per 100,000 Pop.)","2017","2017","2","Female","04","Schizophrenia, schizotypal and delusional disorders","Rate per 100,000 Pop.","12"
"HRA71C02","Psychiatric In-patients (Rate per 100,000 Pop.)","2017","2017","2","Female","05","Other psychoses","Rate per 100,000 Pop.",""
"HRA71C02","Psychiatric In-patients (Rate per 100,000 Pop.)","2017","2017","2","Female","06","Depressive disorders","Rate per 100,000 Pop.","7"
"HRA71C02","Psychiatric In-patients (Rate per 100,000 Pop.)","2017","2017","2","Female","07","Mania","Rate per 100,000 Pop.","4.2"
"HRA71C02","Psychiatric In-patients (Rate per 100,000 Pop.)","2017","2017","2","Female","08","Neuroses","Rate per 100,000 Pop.","1.9"
"HRA71C02","Psychiatric In-patients (Rate per 100,000 Pop.)","2017","2017","2","Female","09","Personality disorders","Rate per 100,000 Pop.",""
"HRA71C02","Psychiatric In-patients (Rate per 100,000 Pop.)","2017","2017","2","Female","10","Personality and behavioural disorders","Rate per 100,000 Pop.","2.5"
"HRA71C02","Psychiatric In-patients (Rate per 100,000 Pop.)","2017","2017","2","Female","11","Alcoholic disorders","Rate per 100,000 Pop.","1.3"
"HRA71C02","Psychiatric In-patients (Rate per 100,000 Pop.)","2017","2017","2","Female","12","Drug dependence","Rate per 100,000 Pop.",""
"HRA71C02","Psychiatric In-patients (Rate per 100,000 Pop.)","2017","2017","2","Female","13","Other drug disorders","Rate per 100,000 Pop.","0.4"
"HRA71C02","Psychiatric In-patients (Rate per 100,000 Pop.)","2017","2017","2","Female","14","Mental handicap","Rate per 100,000 Pop.",""
"HRA71C02","Psychiatric In-patients (Rate per 100,000 Pop.)","2017","2017","2","Female","15","Eating disorders","Rate per 100,000 Pop.","0.4"
"HRA71C02","Psychiatric In-patients (Rate per 100,000 Pop.)","2017","2017","2","Female","16","Intellectual disability","Rate per 100,000 Pop.","1.6"
"HRA71C02","Psychiatric In-patients (Rate per 100,000 Pop.)","2017","2017","2","Female","17","Development disorders","Rate per 100,000 Pop.","0"
"HRA71C02","Psychiatric In-patients (Rate per 100,000 Pop.)","2017","2017","2","Female","18","Behavioural, emotional disorders of childhood and adolescence","Rate per 100,000 Pop.","0"
"HRA71C02","Psychiatric In-patients (Rate per 100,000 Pop.)","2017","2017","2","Female","19","Other and unspecified","Rate per 100,000 Pop.","7.7"
"HRA71C02","Psychiatric In-patients (Rate per 100,000 Pop.)","2017","2017","2","Female","20","Unspecified","Rate per 100,000 Pop.",""
"HRA71C02","Psychiatric In-patients (Rate per 100,000 Pop.)","2017","2017","2","Female","21","All disorders","Rate per 100,000 Pop.","43.3"
"HRA71C02","Psychiatric In-patients (Rate per 100,000 Pop.)","2018","2018","-","Both sexes","01","Organic category","Rate per 100,000 Pop.",""
"HRA71C02","Psychiatric In-patients (Rate per 100,000 Pop.)","2018","2018","-","Both sexes","02","Organic mental disorders","Rate per 100,000 Pop.","5.4"
"HRA71C02","Psychiatric In-patients (Rate per 100,000 Pop.)","2018","2018","-","Both sexes","03","Schizophrenia","Rate per 100,000 Pop.",""
"HRA71C02","Psychiatric In-patients (Rate per 100,000 Pop.)","2018","2018","-","Both sexes","04","Schizophrenia, schizotypal and delusional disorders","Rate per 100,000 Pop.","16.7"
"HRA71C02","Psychiatric In-patients (Rate per 100,000 Pop.)","2018","2018","-","Both sexes","05","Other psychoses","Rate per 100,000 Pop.",""
"HRA71C02","Psychiatric In-patients (Rate per 100,000 Pop.)","2018","2018","-","Both sexes","06","Depressive disorders","Rate per 100,000 Pop.","7.1"
"HRA71C02","Psychiatric In-patients (Rate per 100,000 Pop.)","2018","2018","-","Both sexes","07","Mania","Rate per 100,000 Pop.","3.4"
"HRA71C02","Psychiatric In-patients (Rate per 100,000 Pop.)","2018","2018","-","Both sexes","08","Neuroses","Rate per 100,000 Pop.","2"
"HRA71C02","Psychiatric In-patients (Rate per 100,000 Pop.)","2018","2018","-","Both sexes","09","Personality disorders","Rate per 100,000 Pop.",""
"HRA71C02","Psychiatric In-patients (Rate per 100,000 Pop.)","2018","2018","-","Both sexes","10","Personality and behavioural disorders","Rate per 100,000 Pop.","1.7"
"HRA71C02","Psychiatric In-patients (Rate per 100,000 Pop.)","2018","2018","-","Both sexes","11","Alcoholic disorders","Rate per 100,000 Pop.","1.6"
"HRA71C02","Psychiatric In-patients (Rate per 100,000 Pop.)","2018","2018","-","Both sexes","12","Drug dependence","Rate per 100,000 Pop.",""
"HRA71C02","Psychiatric In-patients (Rate per 100,000 Pop.)","2018","2018","-","Both sexes","13","Other drug disorders","Rate per 100,000 Pop.","0.9"
"HRA71C02","Psychiatric In-patients (Rate per 100,000 Pop.)","2018","2018","-","Both sexes","14","Mental handicap","Rate per 100,000 Pop.",""
"HRA71C02","Psychiatric In-patients (Rate per 100,000 Pop.)","2018","2018","-","Both sexes","15","Eating disorders","Rate per 100,000 Pop.","0.4"
"HRA71C02","Psychiatric In-patients (Rate per 100,000 Pop.)","2018","2018","-","Both sexes","16","Intellectual disability","Rate per 100,000 Pop.","2.2"
"HRA71C02","Psychiatric In-patients (Rate per 100,000 Pop.)","2018","2018","-","Both sexes","17","Development disorders","Rate per 100,000 Pop.","0.3"
"HRA71C02","Psychiatric In-patients (Rate per 100,000 Pop.)","2018","2018","-","Both sexes","18","Behavioural, emotional disorders of childhood and adolescence","Rate per 100,000 Pop.","0"
"HRA71C02","Psychiatric In-patients (Rate per 100,000 Pop.)","2018","2018","-","Both sexes","19","Other and unspecified","Rate per 100,000 Pop.","7.8"
"HRA71C02","Psychiatric In-patients (Rate per 100,000 Pop.)","2018","2018","-","Both sexes","20","Unspecified","Rate per 100,000 Pop.",""
"HRA71C02","Psychiatric In-patients (Rate per 100,000 Pop.)","2018","2018","-","Both sexes","21","All disorders","Rate per 100,000 Pop.","49.5"
"HRA71C02","Psychiatric In-patients (Rate per 100,000 Pop.)","2018","2018","1","Male","01","Organic category","Rate per 100,000 Pop.",""
"HRA71C02","Psychiatric In-patients (Rate per 100,000 Pop.)","2018","2018","1","Male","02","Organic mental disorders","Rate per 100,000 Pop.","6.7"
"HRA71C02","Psychiatric In-patients (Rate per 100,000 Pop.)","2018","2018","1","Male","03","Schizophrenia","Rate per 100,000 Pop.",""
"HRA71C02","Psychiatric In-patients (Rate per 100,000 Pop.)","2018","2018","1","Male","04","Schizophrenia, schizotypal and delusional disorders","Rate per 100,000 Pop.","21.2"
"HRA71C02","Psychiatric In-patients (Rate per 100,000 Pop.)","2018","2018","1","Male","05","Other psychoses","Rate per 100,000 Pop.",""
"HRA71C02","Psychiatric In-patients (Rate per 100,000 Pop.)","2018","2018","1","Male","06","Depressive disorders","Rate per 100,000 Pop.","6.2"
"HRA71C02","Psychiatric In-patients (Rate per 100,000 Pop.)","2018","2018","1","Male","07","Mania","Rate per 100,000 Pop.","2.8"
"HRA71C02","Psychiatric In-patients (Rate per 100,000 Pop.)","2018","2018","1","Male","08","Neuroses","Rate per 100,000 Pop.","1.7"
"HRA71C02","Psychiatric In-patients (Rate per 100,000 Pop.)","2018","2018","1","Male","09","Personality disorders","Rate per 100,000 Pop.",""
"HRA71C02","Psychiatric In-patients (Rate per 100,000 Pop.)","2018","2018","1","Male","10","Personality and behavioural disorders","Rate per 100,000 Pop.","1.2"
"HRA71C02","Psychiatric In-patients (Rate per 100,000 Pop.)","2018","2018","1","Male","11","Alcoholic disorders","Rate per 100,000 Pop.","1.5"
"HRA71C02","Psychiatric In-patients (Rate per 100,000 Pop.)","2018","2018","1","Male","12","Drug dependence","Rate per 100,000 Pop.",""
"HRA71C02","Psychiatric In-patients (Rate per 100,000 Pop.)","2018","2018","1","Male","13","Other drug disorders","Rate per 100,000 Pop.","1.4"
"HRA71C02","Psychiatric In-patients (Rate per 100,000 Pop.)","2018","2018","1","Male","14","Mental handicap","Rate per 100,000 Pop.",""
"HRA71C02","Psychiatric In-patients (Rate per 100,000 Pop.)","2018","2018","1","Male","15","Eating disorders","Rate per 100,000 Pop.","0"
"HRA71C02","Psychiatric In-patients (Rate per 100,000 Pop.)","2018","2018","1","Male","16","Intellectual disability","Rate per 100,000 Pop.","3.1"
"HRA71C02","Psychiatric In-patients (Rate per 100,000 Pop.)","2018","2018","1","Male","17","Development disorders","Rate per 100,000 Pop.","0.5"
"HRA71C02","Psychiatric In-patients (Rate per 100,000 Pop.)","2018","2018","1","Male","18","Behavioural, emotional disorders of childhood and adolescence","Rate per 100,000 Pop.","0"
"HRA71C02","Psychiatric In-patients (Rate per 100,000 Pop.)","2018","2018","1","Male","19","Other and unspecified","Rate per 100,000 Pop.","7.6"
"HRA71C02","Psychiatric In-patients (Rate per 100,000 Pop.)","2018","2018","1","Male","20","Unspecified","Rate per 100,000 Pop.",""
"HRA71C02","Psychiatric In-patients (Rate per 100,000 Pop.)","2018","2018","1","Male","21","All disorders","Rate per 100,000 Pop.","53.9"
"HRA71C02","Psychiatric In-patients (Rate per 100,000 Pop.)","2018","2018","2","Female","01","Organic category","Rate per 100,000 Pop.",""
"HRA71C02","Psychiatric In-patients (Rate per 100,000 Pop.)","2018","2018","2","Female","02","Organic mental disorders","Rate per 100,000 Pop.","4.2"
"HRA71C02","Psychiatric In-patients (Rate per 100,000 Pop.)","2018","2018","2","Female","03","Schizophrenia","Rate per 100,000 Pop.",""
"HRA71C02","Psychiatric In-patients (Rate per 100,000 Pop.)","2018","2018","2","Female","04","Schizophrenia, schizotypal and delusional disorders","Rate per 100,000 Pop.","12.2"
"HRA71C02","Psychiatric In-patients (Rate per 100,000 Pop.)","2018","2018","2","Female","05","Other psychoses","Rate per 100,000 Pop.",""
"HRA71C02","Psychiatric In-patients (Rate per 100,000 Pop.)","2018","2018","2","Female","06","Depressive disorders","Rate per 100,000 Pop.","8"
"HRA71C02","Psychiatric In-patients (Rate per 100,000 Pop.)","2018","2018","2","Female","07","Mania","Rate per 100,000 Pop.","4"
"HRA71C02","Psychiatric In-patients (Rate per 100,000 Pop.)","2018","2018","2","Female","08","Neuroses","Rate per 100,000 Pop.","2.2"
"HRA71C02","Psychiatric In-patients (Rate per 100,000 Pop.)","2018","2018","2","Female","09","Personality disorders","Rate per 100,000 Pop.",""
"HRA71C02","Psychiatric In-patients (Rate per 100,000 Pop.)","2018","2018","2","Female","10","Personality and behavioural disorders","Rate per 100,000 Pop.","2.2"
"HRA71C02","Psychiatric In-patients (Rate per 100,000 Pop.)","2018","2018","2","Female","11","Alcoholic disorders","Rate per 100,000 Pop.","1.6"
"HRA71C02","Psychiatric In-patients (Rate per 100,000 Pop.)","2018","2018","2","Female","12","Drug dependence","Rate per 100,000 Pop.",""
"HRA71C02","Psychiatric In-patients (Rate per 100,000 Pop.)","2018","2018","2","Female","13","Other drug disorders","Rate per 100,000 Pop.","0.5"
"HRA71C02","Psychiatric In-patients (Rate per 100,000 Pop.)","2018","2018","2","Female","14","Mental handicap","Rate per 100,000 Pop.",""
"HRA71C02","Psychiatric In-patients (Rate per 100,000 Pop.)","2018","2018","2","Female","15","Eating disorders","Rate per 100,000 Pop.","0.8"
"HRA71C02","Psychiatric In-patients (Rate per 100,000 Pop.)","2018","2018","2","Female","16","Intellectual disability","Rate per 100,000 Pop.","1.5"
"HRA71C02","Psychiatric In-patients (Rate per 100,000 Pop.)","2018","2018","2","Female","17","Development disorders","Rate per 100,000 Pop.","0"
"HRA71C02","Psychiatric In-patients (Rate per 100,000 Pop.)","2018","2018","2","Female","18","Behavioural, emotional disorders of childhood and adolescence","Rate per 100,000 Pop.","0"
"HRA71C02","Psychiatric In-patients (Rate per 100,000 Pop.)","2018","2018","2","Female","19","Other and unspecified","Rate per 100,000 Pop.","8.1"
"HRA71C02","Psychiatric In-patients (Rate per 100,000 Pop.)","2018","2018","2","Female","20","Unspecified","Rate per 100,000 Pop.",""
"HRA71C02","Psychiatric In-patients (Rate per 100,000 Pop.)","2018","2018","2","Female","21","All disorders","Rate per 100,000 Pop.","45.1"
"HRA71C02","Psychiatric In-patients (Rate per 100,000 Pop.)","2019","2019","-","Both sexes","01","Organic category","Rate per 100,000 Pop.",""
"HRA71C02","Psychiatric In-patients (Rate per 100,000 Pop.)","2019","2019","-","Both sexes","02","Organic mental disorders","Rate per 100,000 Pop.","4.2"
"HRA71C02","Psychiatric In-patients (Rate per 100,000 Pop.)","2019","2019","-","Both sexes","03","Schizophrenia","Rate per 100,000 Pop.",""
"HRA71C02","Psychiatric In-patients (Rate per 100,000 Pop.)","2019","2019","-","Both sexes","04","Schizophrenia, schizotypal and delusional disorders","Rate per 100,000 Pop.","17.1"
"HRA71C02","Psychiatric In-patients (Rate per 100,000 Pop.)","2019","2019","-","Both sexes","05","Other psychoses","Rate per 100,000 Pop.",""
"HRA71C02","Psychiatric In-patients (Rate per 100,000 Pop.)","2019","2019","-","Both sexes","06","Depressive disorders","Rate per 100,000 Pop.","6.4"
"HRA71C02","Psychiatric In-patients (Rate per 100,000 Pop.)","2019","2019","-","Both sexes","07","Mania","Rate per 100,000 Pop.","3.6"
"HRA71C02","Psychiatric In-patients (Rate per 100,000 Pop.)","2019","2019","-","Both sexes","08","Neuroses","Rate per 100,000 Pop.","2.2"
"HRA71C02","Psychiatric In-patients (Rate per 100,000 Pop.)","2019","2019","-","Both sexes","09","Personality disorders","Rate per 100,000 Pop.",""
"HRA71C02","Psychiatric In-patients (Rate per 100,000 Pop.)","2019","2019","-","Both sexes","10","Personality and behavioural disorders","Rate per 100,000 Pop.","1.8"
"HRA71C02","Psychiatric In-patients (Rate per 100,000 Pop.)","2019","2019","-","Both sexes","11","Alcoholic disorders","Rate per 100,000 Pop.","1.4"
"HRA71C02","Psychiatric In-patients (Rate per 100,000 Pop.)","2019","2019","-","Both sexes","12","Drug dependence","Rate per 100,000 Pop.",""
"HRA71C02","Psychiatric In-patients (Rate per 100,000 Pop.)","2019","2019","-","Both sexes","13","Other drug disorders","Rate per 100,000 Pop.","0.9"
"HRA71C02","Psychiatric In-patients (Rate per 100,000 Pop.)","2019","2019","-","Both sexes","14","Mental handicap","Rate per 100,000 Pop.",""
"HRA71C02","Psychiatric In-patients (Rate per 100,000 Pop.)","2019","2019","-","Both sexes","15","Eating disorders","Rate per 100,000 Pop.","0.3"
"HRA71C02","Psychiatric In-patients (Rate per 100,000 Pop.)","2019","2019","-","Both sexes","16","Intellectual disability","Rate per 100,000 Pop.","2"
"HRA71C02","Psychiatric In-patients (Rate per 100,000 Pop.)","2019","2019","-","Both sexes","17","Development disorders","Rate per 100,000 Pop.","0.2"
"HRA71C02","Psychiatric In-patients (Rate per 100,000 Pop.)","2019","2019","-","Both sexes","18","Behavioural, emotional disorders of childhood and adolescence","Rate per 100,000 Pop.","0"
"HRA71C02","Psychiatric In-patients (Rate per 100,000 Pop.)","2019","2019","-","Both sexes","19","Other and unspecified","Rate per 100,000 Pop.","5.9"
"HRA71C02","Psychiatric In-patients (Rate per 100,000 Pop.)","2019","2019","-","Both sexes","20","Unspecified","Rate per 100,000 Pop.",""
"HRA71C02","Psychiatric In-patients (Rate per 100,000 Pop.)","2019","2019","-","Both sexes","21","All disorders","Rate per 100,000 Pop.","46.2"
"HRA71C02","Psychiatric In-patients (Rate per 100,000 Pop.)","2019","2019","1","Male","01","Organic category","Rate per 100,000 Pop.",""
"HRA71C02","Psychiatric In-patients (Rate per 100,000 Pop.)","2019","2019","1","Male","02","Organic mental disorders","Rate per 100,000 Pop.","5.1"
"HRA71C02","Psychiatric In-patients (Rate per 100,000 Pop.)","2019","2019","1","Male","03","Schizophrenia","Rate per 100,000 Pop.",""
"HRA71C02","Psychiatric In-patients (Rate per 100,000 Pop.)","2019","2019","1","Male","04","Schizophrenia, schizotypal and delusional disorders","Rate per 100,000 Pop.","21.7"
"HRA71C02","Psychiatric In-patients (Rate per 100,000 Pop.)","2019","2019","1","Male","05","Other psychoses","Rate per 100,000 Pop.",""
"HRA71C02","Psychiatric In-patients (Rate per 100,000 Pop.)","2019","2019","1","Male","06","Depressive disorders","Rate per 100,000 Pop.","5.2"
"HRA71C02","Psychiatric In-patients (Rate per 100,000 Pop.)","2019","2019","1","Male","07","Mania","Rate per 100,000 Pop.","3.5"
"HRA71C02","Psychiatric In-patients (Rate per 100,000 Pop.)","2019","2019","1","Male","08","Neuroses","Rate per 100,000 Pop.","2.1"
"HRA71C02","Psychiatric In-patients (Rate per 100,000 Pop.)","2019","2019","1","Male","09","Personality disorders","Rate per 100,000 Pop.",""
"HRA71C02","Psychiatric In-patients (Rate per 100,000 Pop.)","2019","2019","1","Male","10","Personality and behavioural disorders","Rate per 100,000 Pop.","1.2"
"HRA71C02","Psychiatric In-patients (Rate per 100,000 Pop.)","2019","2019","1","Male","11","Alcoholic disorders","Rate per 100,000 Pop.","1.5"
"HRA71C02","Psychiatric In-patients (Rate per 100,000 Pop.)","2019","2019","1","Male","12","Drug dependence","Rate per 100,000 Pop.",""
"HRA71C02","Psychiatric In-patients (Rate per 100,000 Pop.)","2019","2019","1","Male","13","Other drug disorders","Rate per 100,000 Pop.","1.5"
"HRA71C02","Psychiatric In-patients (Rate per 100,000 Pop.)","2019","2019","1","Male","14","Mental handicap","Rate per 100,000 Pop.",""
"HRA71C02","Psychiatric In-patients (Rate per 100,000 Pop.)","2019","2019","1","Male","15","Eating disorders","Rate per 100,000 Pop.","0.1"
"HRA71C02","Psychiatric In-patients (Rate per 100,000 Pop.)","2019","2019","1","Male","16","Intellectual disability","Rate per 100,000 Pop.","2.9"
"HRA71C02","Psychiatric In-patients (Rate per 100,000 Pop.)","2019","2019","1","Male","17","Development disorders","Rate per 100,000 Pop.","0.3"
"HRA71C02","Psychiatric In-patients (Rate per 100,000 Pop.)","2019","2019","1","Male","18","Behavioural, emotional disorders of childhood and adolescence","Rate per 100,000 Pop.","0"
"HRA71C02","Psychiatric In-patients (Rate per 100,000 Pop.)","2019","2019","1","Male","19","Other and unspecified","Rate per 100,000 Pop.","6.3"
"HRA71C02","Psychiatric In-patients (Rate per 100,000 Pop.)","2019","2019","1","Male","20","Unspecified","Rate per 100,000 Pop.",""
"HRA71C02","Psychiatric In-patients (Rate per 100,000 Pop.)","2019","2019","1","Male","21","All disorders","Rate per 100,000 Pop.","51.5"
"HRA71C02","Psychiatric In-patients (Rate per 100,000 Pop.)","2019","2019","2","Female","01","Organic category","Rate per 100,000 Pop.",""
"HRA71C02","Psychiatric In-patients (Rate per 100,000 Pop.)","2019","2019","2","Female","02","Organic mental disorders","Rate per 100,000 Pop.","3.3"
"HRA71C02","Psychiatric In-patients (Rate per 100,000 Pop.)","2019","2019","2","Female","03","Schizophrenia","Rate per 100,000 Pop.",""
"HRA71C02","Psychiatric In-patients (Rate per 100,000 Pop.)","2019","2019","2","Female","04","Schizophrenia, schizotypal and delusional disorders","Rate per 100,000 Pop.","12.7"
"HRA71C02","Psychiatric In-patients (Rate per 100,000 Pop.)","2019","2019","2","Female","05","Other psychoses","Rate per 100,000 Pop.",""
"HRA71C02","Psychiatric In-patients (Rate per 100,000 Pop.)","2019","2019","2","Female","06","Depressive disorders","Rate per 100,000 Pop.","7.6"
"HRA71C02","Psychiatric In-patients (Rate per 100,000 Pop.)","2019","2019","2","Female","07","Mania","Rate per 100,000 Pop.","3.7"
"HRA71C02","Psychiatric In-patients (Rate per 100,000 Pop.)","2019","2019","2","Female","08","Neuroses","Rate per 100,000 Pop.","2.2"
"HRA71C02","Psychiatric In-patients (Rate per 100,000 Pop.)","2019","2019","2","Female","09","Personality disorders","Rate per 100,000 Pop.",""
"HRA71C02","Psychiatric In-patients (Rate per 100,000 Pop.)","2019","2019","2","Female","10","Personality and behavioural disorders","Rate per 100,000 Pop.","2.4"
"HRA71C02","Psychiatric In-patients (Rate per 100,000 Pop.)","2019","2019","2","Female","11","Alcoholic disorders","Rate per 100,000 Pop.","1.3"
"HRA71C02","Psychiatric In-patients (Rate per 100,000 Pop.)","2019","2019","2","Female","12","Drug dependence","Rate per 100,000 Pop.",""
"HRA71C02","Psychiatric In-patients (Rate per 100,000 Pop.)","2019","2019","2","Female","13","Other drug disorders","Rate per 100,000 Pop.","0.4"
"HRA71C02","Psychiatric In-patients (Rate per 100,000 Pop.)","2019","2019","2","Female","14","Mental handicap","Rate per 100,000 Pop.",""
"HRA71C02","Psychiatric In-patients (Rate per 100,000 Pop.)","2019","2019","2","Female","15","Eating disorders","Rate per 100,000 Pop.","0.5"
"HRA71C02","Psychiatric In-patients (Rate per 100,000 Pop.)","2019","2019","2","Female","16","Intellectual disability","Rate per 100,000 Pop.","1"
"HRA71C02","Psychiatric In-patients (Rate per 100,000 Pop.)","2019","2019","2","Female","17","Development disorders","Rate per 100,000 Pop.","0.1"
"HRA71C02","Psychiatric In-patients (Rate per 100,000 Pop.)","2019","2019","2","Female","18","Behavioural, emotional disorders of childhood and adolescence","Rate per 100,000 Pop.","0"
"HRA71C02","Psychiatric In-patients (Rate per 100,000 Pop.)","2019","2019","2","Female","19","Other and unspecified","Rate per 100,000 Pop.","5.6"
"HRA71C02","Psychiatric In-patients (Rate per 100,000 Pop.)","2019","2019","2","Female","20","Unspecified","Rate per 100,000 Pop.",""
"HRA71C02","Psychiatric In-patients (Rate per 100,000 Pop.)","2019","2019","2","Female","21","All disorders","Rate per 100,000 Pop.","41"
"HRA71C02","Psychiatric In-patients (Rate per 100,000 Pop.)","2020","2020","-","Both sexes","01","Organic category","Rate per 100,000 Pop.",""
"HRA71C02","Psychiatric In-patients (Rate per 100,000 Pop.)","2020","2020","-","Both sexes","02","Organic mental disorders","Rate per 100,000 Pop.","3.8"
"HRA71C02","Psychiatric In-patients (Rate per 100,000 Pop.)","2020","2020","-","Both sexes","03","Schizophrenia","Rate per 100,000 Pop.",""
"HRA71C02","Psychiatric In-patients (Rate per 100,000 Pop.)","2020","2020","-","Both sexes","04","Schizophrenia, schizotypal and delusional disorders","Rate per 100,000 Pop.","14.3"
"HRA71C02","Psychiatric In-patients (Rate per 100,000 Pop.)","2020","2020","-","Both sexes","05","Other psychoses","Rate per 100,000 Pop.",""
"HRA71C02","Psychiatric In-patients (Rate per 100,000 Pop.)","2020","2020","-","Both sexes","06","Depressive disorders","Rate per 100,000 Pop.","4.9"
"HRA71C02","Psychiatric In-patients (Rate per 100,000 Pop.)","2020","2020","-","Both sexes","07","Mania","Rate per 100,000 Pop.","2.8"
"HRA71C02","Psychiatric In-patients (Rate per 100,000 Pop.)","2020","2020","-","Both sexes","08","Neuroses","Rate per 100,000 Pop.","1.6"
"HRA71C02","Psychiatric In-patients (Rate per 100,000 Pop.)","2020","2020","-","Both sexes","09","Personality disorders","Rate per 100,000 Pop.",""
"HRA71C02","Psychiatric In-patients (Rate per 100,000 Pop.)","2020","2020","-","Both sexes","10","Personality and behavioural disorders","Rate per 100,000 Pop.","1.5"
"HRA71C02","Psychiatric In-patients (Rate per 100,000 Pop.)","2020","2020","-","Both sexes","11","Alcoholic disorders","Rate per 100,000 Pop.","1.1"
"HRA71C02","Psychiatric In-patients (Rate per 100,000 Pop.)","2020","2020","-","Both sexes","12","Drug dependence","Rate per 100,000 Pop.",""
"HRA71C02","Psychiatric In-patients (Rate per 100,000 Pop.)","2020","2020","-","Both sexes","13","Other drug disorders","Rate per 100,000 Pop.","0.7"
"HRA71C02","Psychiatric In-patients (Rate per 100,000 Pop.)","2020","2020","-","Both sexes","14","Mental handicap","Rate per 100,000 Pop.",""
"HRA71C02","Psychiatric In-patients (Rate per 100,000 Pop.)","2020","2020","-","Both sexes","15","Eating disorders","Rate per 100,000 Pop.","0.5"
"HRA71C02","Psychiatric In-patients (Rate per 100,000 Pop.)","2020","2020","-","Both sexes","16","Intellectual disability","Rate per 100,000 Pop.","1.8"
"HRA71C02","Psychiatric In-patients (Rate per 100,000 Pop.)","2020","2020","-","Both sexes","17","Development disorders","Rate per 100,000 Pop.","0.2"
"HRA71C02","Psychiatric In-patients (Rate per 100,000 Pop.)","2020","2020","-","Both sexes","18","Behavioural, emotional disorders of childhood and adolescence","Rate per 100,000 Pop.","0"
"HRA71C02","Psychiatric In-patients (Rate per 100,000 Pop.)","2020","2020","-","Both sexes","19","Other and unspecified","Rate per 100,000 Pop.","5.1"
"HRA71C02","Psychiatric In-patients (Rate per 100,000 Pop.)","2020","2020","-","Both sexes","20","Unspecified","Rate per 100,000 Pop.",""
"HRA71C02","Psychiatric In-patients (Rate per 100,000 Pop.)","2020","2020","-","Both sexes","21","All disorders","Rate per 100,000 Pop.","38.3"
"HRA71C02","Psychiatric In-patients (Rate per 100,000 Pop.)","2020","2020","1","Male","01","Organic category","Rate per 100,000 Pop.",""
"HRA71C02","Psychiatric In-patients (Rate per 100,000 Pop.)","2020","2020","1","Male","02","Organic mental disorders","Rate per 100,000 Pop.","4.4"
"HRA71C02","Psychiatric In-patients (Rate per 100,000 Pop.)","2020","2020","1","Male","03","Schizophrenia","Rate per 100,000 Pop.",""
"HRA71C02","Psychiatric In-patients (Rate per 100,000 Pop.)","2020","2020","1","Male","04","Schizophrenia, schizotypal and delusional disorders","Rate per 100,000 Pop.","18.2"
"HRA71C02","Psychiatric In-patients (Rate per 100,000 Pop.)","2020","2020","1","Male","05","Other psychoses","Rate per 100,000 Pop.",""
"HRA71C02","Psychiatric In-patients (Rate per 100,000 Pop.)","2020","2020","1","Male","06","Depressive disorders","Rate per 100,000 Pop.","4.3"
"HRA71C02","Psychiatric In-patients (Rate per 100,000 Pop.)","2020","2020","1","Male","07","Mania","Rate per 100,000 Pop.","2.6"
"HRA71C02","Psychiatric In-patients (Rate per 100,000 Pop.)","2020","2020","1","Male","08","Neuroses","Rate per 100,000 Pop.","1.1"
"HRA71C02","Psychiatric In-patients (Rate per 100,000 Pop.)","2020","2020","1","Male","09","Personality disorders","Rate per 100,000 Pop.",""
"HRA71C02","Psychiatric In-patients (Rate per 100,000 Pop.)","2020","2020","1","Male","10","Personality and behavioural disorders","Rate per 100,000 Pop.","0.9"
"HRA71C02","Psychiatric In-patients (Rate per 100,000 Pop.)","2020","2020","1","Male","11","Alcoholic disorders","Rate per 100,000 Pop.","1.4"
"HRA71C02","Psychiatric In-patients (Rate per 100,000 Pop.)","2020","2020","1","Male","12","Drug dependence","Rate per 100,000 Pop.",""
"HRA71C02","Psychiatric In-patients (Rate per 100,000 Pop.)","2020","2020","1","Male","13","Other drug disorders","Rate per 100,000 Pop.","0.9"
"HRA71C02","Psychiatric In-patients (Rate per 100,000 Pop.)","2020","2020","1","Male","14","Mental handicap","Rate per 100,000 Pop.",""
"HRA71C02","Psychiatric In-patients (Rate per 100,000 Pop.)","2020","2020","1","Male","15","Eating disorders","Rate per 100,000 Pop.","0.1"
"HRA71C02","Psychiatric In-patients (Rate per 100,000 Pop.)","2020","2020","1","Male","16","Intellectual disability","Rate per 100,000 Pop.","2.7"
"HRA71C02","Psychiatric In-patients (Rate per 100,000 Pop.)","2020","2020","1","Male","17","Development disorders","Rate per 100,000 Pop.","0.4"
"HRA71C02","Psychiatric In-patients (Rate per 100,000 Pop.)","2020","2020","1","Male","18","Behavioural, emotional disorders of childhood and adolescence","Rate per 100,000 Pop.","0"
"HRA71C02","Psychiatric In-patients (Rate per 100,000 Pop.)","2020","2020","1","Male","19","Other and unspecified","Rate per 100,000 Pop.","5.6"
"HRA71C02","Psychiatric In-patients (Rate per 100,000 Pop.)","2020","2020","1","Male","20","Unspecified","Rate per 100,000 Pop.",""
"HRA71C02","Psychiatric In-patients (Rate per 100,000 Pop.)","2020","2020","1","Male","21","All disorders","Rate per 100,000 Pop.","42.5"
"HRA71C02","Psychiatric In-patients (Rate per 100,000 Pop.)","2020","2020","2","Female","01","Organic category","Rate per 100,000 Pop.",""
"HRA71C02","Psychiatric In-patients (Rate per 100,000 Pop.)","2020","2020","2","Female","02","Organic mental disorders","Rate per 100,000 Pop.","3.2"
"HRA71C02","Psychiatric In-patients (Rate per 100,000 Pop.)","2020","2020","2","Female","03","Schizophrenia","Rate per 100,000 Pop.",""
"HRA71C02","Psychiatric In-patients (Rate per 100,000 Pop.)","2020","2020","2","Female","04","Schizophrenia, schizotypal and delusional disorders","Rate per 100,000 Pop.","10.5"
"HRA71C02","Psychiatric In-patients (Rate per 100,000 Pop.)","2020","2020","2","Female","05","Other psychoses","Rate per 100,000 Pop.",""
"HRA71C02","Psychiatric In-patients (Rate per 100,000 Pop.)","2020","2020","2","Female","06","Depressive disorders","Rate per 100,000 Pop.","5.5"
"HRA71C02","Psychiatric In-patients (Rate per 100,000 Pop.)","2020","2020","2","Female","07","Mania","Rate per 100,000 Pop.","3.1"
"HRA71C02","Psychiatric In-patients (Rate per 100,000 Pop.)","2020","2020","2","Female","08","Neuroses","Rate per 100,000 Pop.","2.1"
"HRA71C02","Psychiatric In-patients (Rate per 100,000 Pop.)","2020","2020","2","Female","09","Personality disorders","Rate per 100,000 Pop.",""
"HRA71C02","Psychiatric In-patients (Rate per 100,000 Pop.)","2020","2020","2","Female","10","Personality and behavioural disorders","Rate per 100,000 Pop.","2.2"
"HRA71C02","Psychiatric In-patients (Rate per 100,000 Pop.)","2020","2020","2","Female","11","Alcoholic disorders","Rate per 100,000 Pop.","0.8"
"HRA71C02","Psychiatric In-patients (Rate per 100,000 Pop.)","2020","2020","2","Female","12","Drug dependence","Rate per 100,000 Pop.",""
"HRA71C02","Psychiatric In-patients (Rate per 100,000 Pop.)","2020","2020","2","Female","13","Other drug disorders","Rate per 100,000 Pop.","0.4"
"HRA71C02","Psychiatric In-patients (Rate per 100,000 Pop.)","2020","2020","2","Female","14","Mental handicap","Rate per 100,000 Pop.",""
"HRA71C02","Psychiatric In-patients (Rate per 100,000 Pop.)","2020","2020","2","Female","15","Eating disorders","Rate per 100,000 Pop.","0.8"
"HRA71C02","Psychiatric In-patients (Rate per 100,000 Pop.)","2020","2020","2","Female","16","Intellectual disability","Rate per 100,000 Pop.","0.9"
"HRA71C02","Psychiatric In-patients (Rate per 100,000 Pop.)","2020","2020","2","Female","17","Development disorders","Rate per 100,000 Pop.","0"
"HRA71C02","Psychiatric In-patients (Rate per 100,000 Pop.)","2020","2020","2","Female","18","Behavioural, emotional disorders of childhood and adolescence","Rate per 100,000 Pop.","0"
"HRA71C02","Psychiatric In-patients (Rate per 100,000 Pop.)","2020","2020","2","Female","19","Other and unspecified","Rate per 100,000 Pop.","4.7"
"HRA71C02","Psychiatric In-patients (Rate per 100,000 Pop.)","2020","2020","2","Female","20","Unspecified","Rate per 100,000 Pop.",""
"HRA71C02","Psychiatric In-patients (Rate per 100,000 Pop.)","2020","2020","2","Female","21","All disorders","Rate per 100,000 Pop.","34.3"
"HRA71C02","Psychiatric In-patients (Rate per 100,000 Pop.)","2021","2021","-","Both sexes","01","Organic category","Rate per 100,000 Pop.",""
"HRA71C02","Psychiatric In-patients (Rate per 100,000 Pop.)","2021","2021","-","Both sexes","02","Organic mental disorders","Rate per 100,000 Pop.","3.1"
"HRA71C02","Psychiatric In-patients (Rate per 100,000 Pop.)","2021","2021","-","Both sexes","03","Schizophrenia","Rate per 100,000 Pop.",""
"HRA71C02","Psychiatric In-patients (Rate per 100,000 Pop.)","2021","2021","-","Both sexes","04","Schizophrenia, schizotypal and delusional disorders","Rate per 100,000 Pop.","15"
"HRA71C02","Psychiatric In-patients (Rate per 100,000 Pop.)","2021","2021","-","Both sexes","05","Other psychoses","Rate per 100,000 Pop.",""
"HRA71C02","Psychiatric In-patients (Rate per 100,000 Pop.)","2021","2021","-","Both sexes","06","Depressive disorders","Rate per 100,000 Pop.","5.3"
"HRA71C02","Psychiatric In-patients (Rate per 100,000 Pop.)","2021","2021","-","Both sexes","07","Mania","Rate per 100,000 Pop.","3.2"
"HRA71C02","Psychiatric In-patients (Rate per 100,000 Pop.)","2021","2021","-","Both sexes","08","Neuroses","Rate per 100,000 Pop.","2"
"HRA71C02","Psychiatric In-patients (Rate per 100,000 Pop.)","2021","2021","-","Both sexes","09","Personality disorders","Rate per 100,000 Pop.",""
"HRA71C02","Psychiatric In-patients (Rate per 100,000 Pop.)","2021","2021","-","Both sexes","10","Personality and behavioural disorders","Rate per 100,000 Pop.","1.3"
"HRA71C02","Psychiatric In-patients (Rate per 100,000 Pop.)","2021","2021","-","Both sexes","11","Alcoholic disorders","Rate per 100,000 Pop.","1.2"
"HRA71C02","Psychiatric In-patients (Rate per 100,000 Pop.)","2021","2021","-","Both sexes","12","Drug dependence","Rate per 100,000 Pop.",""
"HRA71C02","Psychiatric In-patients (Rate per 100,000 Pop.)","2021","2021","-","Both sexes","13","Other drug disorders","Rate per 100,000 Pop.","0.7"
"HRA71C02","Psychiatric In-patients (Rate per 100,000 Pop.)","2021","2021","-","Both sexes","14","Mental handicap","Rate per 100,000 Pop.",""
"HRA71C02","Psychiatric In-patients (Rate per 100,000 Pop.)","2021","2021","-","Both sexes","15","Eating disorders","Rate per 100,000 Pop.","0.6"
"HRA71C02","Psychiatric In-patients (Rate per 100,000 Pop.)","2021","2021","-","Both sexes","16","Intellectual disability","Rate per 100,000 Pop.","1.5"
"HRA71C02","Psychiatric In-patients (Rate per 100,000 Pop.)","2021","2021","-","Both sexes","17","Development disorders","Rate per 100,000 Pop.","0.2"
"HRA71C02","Psychiatric In-patients (Rate per 100,000 Pop.)","2021","2021","-","Both sexes","18","Behavioural, emotional disorders of childhood and adolescence","Rate per 100,000 Pop.","0"
"HRA71C02","Psychiatric In-patients (Rate per 100,000 Pop.)","2021","2021","-","Both sexes","19","Other and unspecified","Rate per 100,000 Pop.","5.2"
"HRA71C02","Psychiatric In-patients (Rate per 100,000 Pop.)","2021","2021","-","Both sexes","20","Unspecified","Rate per 100,000 Pop.",""
"HRA71C02","Psychiatric In-patients (Rate per 100,000 Pop.)","2021","2021","-","Both sexes","21","All disorders","Rate per 100,000 Pop.","39.3"
"HRA71C02","Psychiatric In-patients (Rate per 100,000 Pop.)","2021","2021","1","Male","01","Organic category","Rate per 100,000 Pop.",""
"HRA71C02","Psychiatric In-patients (Rate per 100,000 Pop.)","2021","2021","1","Male","02","Organic mental disorders","Rate per 100,000 Pop.","3.5"
"HRA71C02","Psychiatric In-patients (Rate per 100,000 Pop.)","2021","2021","1","Male","03","Schizophrenia","Rate per 100,000 Pop.",""
"HRA71C02","Psychiatric In-patients (Rate per 100,000 Pop.)","2021","2021","1","Male","04","Schizophrenia, schizotypal and delusional disorders","Rate per 100,000 Pop.","18.9"
"HRA71C02","Psychiatric In-patients (Rate per 100,000 Pop.)","2021","2021","1","Male","05","Other psychoses","Rate per 100,000 Pop.",""
"HRA71C02","Psychiatric In-patients (Rate per 100,000 Pop.)","2021","2021","1","Male","06","Depressive disorders","Rate per 100,000 Pop.","4.8"
"HRA71C02","Psychiatric In-patients (Rate per 100,000 Pop.)","2021","2021","1","Male","07","Mania","Rate per 100,000 Pop.","3.1"
"HRA71C02","Psychiatric In-patients (Rate per 100,000 Pop.)","2021","2021","1","Male","08","Neuroses","Rate per 100,000 Pop.","1.6"
"HRA71C02","Psychiatric In-patients (Rate per 100,000 Pop.)","2021","2021","1","Male","09","Personality disorders","Rate per 100,000 Pop.",""
"HRA71C02","Psychiatric In-patients (Rate per 100,000 Pop.)","2021","2021","1","Male","10","Personality and behavioural disorders","Rate per 100,000 Pop.","0.7"
"HRA71C02","Psychiatric In-patients (Rate per 100,000 Pop.)","2021","2021","1","Male","11","Alcoholic disorders","Rate per 100,000 Pop.","1.6"
"HRA71C02","Psychiatric In-patients (Rate per 100,000 Pop.)","2021","2021","1","Male","12","Drug dependence","Rate per 100,000 Pop.",""
"HRA71C02","Psychiatric In-patients (Rate per 100,000 Pop.)","2021","2021","1","Male","13","Other drug disorders","Rate per 100,000 Pop.","1.1"
"HRA71C02","Psychiatric In-patients (Rate per 100,000 Pop.)","2021","2021","1","Male","14","Mental handicap","Rate per 100,000 Pop.",""
"HRA71C02","Psychiatric In-patients (Rate per 100,000 Pop.)","2021","2021","1","Male","15","Eating disorders","Rate per 100,000 Pop.","0.1"
"HRA71C02","Psychiatric In-patients (Rate per 100,000 Pop.)","2021","2021","1","Male","16","Intellectual disability","Rate per 100,000 Pop.","2.3"
"HRA71C02","Psychiatric In-patients (Rate per 100,000 Pop.)","2021","2021","1","Male","17","Development disorders","Rate per 100,000 Pop.","0.4"
"HRA71C02","Psychiatric In-patients (Rate per 100,000 Pop.)","2021","2021","1","Male","18","Behavioural, emotional disorders of childhood and adolescence","Rate per 100,000 Pop.","0"
"HRA71C02","Psychiatric In-patients (Rate per 100,000 Pop.)","2021","2021","1","Male","19","Other and unspecified","Rate per 100,000 Pop.","5.8"
"HRA71C02","Psychiatric In-patients (Rate per 100,000 Pop.)","2021","2021","1","Male","20","Unspecified","Rate per 100,000 Pop.",""
"HRA71C02","Psychiatric In-patients (Rate per 100,000 Pop.)","2021","2021","1","Male","21","All disorders","Rate per 100,000 Pop.","43.8"
"HRA71C02","Psychiatric In-patients (Rate per 100,000 Pop.)","2021","2021","2","Female","01","Organic category","Rate per 100,000 Pop.",""
"HRA71C02","Psychiatric In-patients (Rate per 100,000 Pop.)","2021","2021","2","Female","02","Organic mental disorders","Rate per 100,000 Pop.","2.8"
"HRA71C02","Psychiatric In-patients (Rate per 100,000 Pop.)","2021","2021","2","Female","03","Schizophrenia","Rate per 100,000 Pop.",""
"HRA71C02","Psychiatric In-patients (Rate per 100,000 Pop.)","2021","2021","2","Female","04","Schizophrenia, schizotypal and delusional disorders","Rate per 100,000 Pop.","11.2"
"HRA71C02","Psychiatric In-patients (Rate per 100,000 Pop.)","2021","2021","2","Female","05","Other psychoses","Rate per 100,000 Pop.",""
"HRA71C02","Psychiatric In-patients (Rate per 100,000 Pop.)","2021","2021","2","Female","06","Depressive disorders","Rate per 100,000 Pop.","5.7"
"HRA71C02","Psychiatric In-patients (Rate per 100,000 Pop.)","2021","2021","2","Female","07","Mania","Rate per 100,000 Pop.","3.2"
"HRA71C02","Psychiatric In-patients (Rate per 100,000 Pop.)","2021","2021","2","Female","08","Neuroses","Rate per 100,000 Pop.","2.4"
"HRA71C02","Psychiatric In-patients (Rate per 100,000 Pop.)","2021","2021","2","Female","09","Personality disorders","Rate per 100,000 Pop.",""
"HRA71C02","Psychiatric In-patients (Rate per 100,000 Pop.)","2021","2021","2","Female","10","Personality and behavioural disorders","Rate per 100,000 Pop.","1.9"
"HRA71C02","Psychiatric In-patients (Rate per 100,000 Pop.)","2021","2021","2","Female","11","Alcoholic disorders","Rate per 100,000 Pop.","0.9"
"HRA71C02","Psychiatric In-patients (Rate per 100,000 Pop.)","2021","2021","2","Female","12","Drug dependence","Rate per 100,000 Pop.",""
"HRA71C02","Psychiatric In-patients (Rate per 100,000 Pop.)","2021","2021","2","Female","13","Other drug disorders","Rate per 100,000 Pop.","0.2"
"HRA71C02","Psychiatric In-patients (Rate per 100,000 Pop.)","2021","2021","2","Female","14","Mental handicap","Rate per 100,000 Pop.",""
"HRA71C02","Psychiatric In-patients (Rate per 100,000 Pop.)","2021","2021","2","Female","15","Eating disorders","Rate per 100,000 Pop.","1"
"HRA71C02","Psychiatric In-patients (Rate per 100,000 Pop.)","2021","2021","2","Female","16","Intellectual disability","Rate per 100,000 Pop.","0.7"
"HRA71C02","Psychiatric In-patients (Rate per 100,000 Pop.)","2021","2021","2","Female","17","Development disorders","Rate per 100,000 Pop.","0"
"HRA71C02","Psychiatric In-patients (Rate per 100,000 Pop.)","2021","2021","2","Female","18","Behavioural, emotional disorders of childhood and adolescence","Rate per 100,000 Pop.","0"
"HRA71C02","Psychiatric In-patients (Rate per 100,000 Pop.)","2021","2021","2","Female","19","Other and unspecified","Rate per 100,000 Pop.","4.7"
"HRA71C02","Psychiatric In-patients (Rate per 100,000 Pop.)","2021","2021","2","Female","20","Unspecified","Rate per 100,000 Pop.",""
"HRA71C02","Psychiatric In-patients (Rate per 100,000 Pop.)","2021","2021","2","Female","21","All disorders","Rate per 100,000 Pop.","34.9"
"HRA71C02","Psychiatric In-patients (Rate per 100,000 Pop.)","2022","2022","-","Both sexes","01","Organic category","Rate per 100,000 Pop.",""
"HRA71C02","Psychiatric In-patients (Rate per 100,000 Pop.)","2022","2022","-","Both sexes","02","Organic mental disorders","Rate per 100,000 Pop.","3"
"HRA71C02","Psychiatric In-patients (Rate per 100,000 Pop.)","2022","2022","-","Both sexes","03","Schizophrenia","Rate per 100,000 Pop.",""
"HRA71C02","Psychiatric In-patients (Rate per 100,000 Pop.)","2022","2022","-","Both sexes","04","Schizophrenia, schizotypal and delusional disorders","Rate per 100,000 Pop.","15.2"
"HRA71C02","Psychiatric In-patients (Rate per 100,000 Pop.)","2022","2022","-","Both sexes","05","Other psychoses","Rate per 100,000 Pop.",""
"HRA71C02","Psychiatric In-patients (Rate per 100,000 Pop.)","2022","2022","-","Both sexes","06","Depressive disorders","Rate per 100,000 Pop.","5.8"
"HRA71C02","Psychiatric In-patients (Rate per 100,000 Pop.)","2022","2022","-","Both sexes","07","Mania","Rate per 100,000 Pop.","3.2"
"HRA71C02","Psychiatric In-patients (Rate per 100,000 Pop.)","2022","2022","-","Both sexes","08","Neuroses","Rate per 100,000 Pop.","1.6"
"HRA71C02","Psychiatric In-patients (Rate per 100,000 Pop.)","2022","2022","-","Both sexes","09","Personality disorders","Rate per 100,000 Pop.",""
"HRA71C02","Psychiatric In-patients (Rate per 100,000 Pop.)","2022","2022","-","Both sexes","10","Personality and behavioural disorders","Rate per 100,000 Pop.","1.3"
"HRA71C02","Psychiatric In-patients (Rate per 100,000 Pop.)","2022","2022","-","Both sexes","11","Alcoholic disorders","Rate per 100,000 Pop.","1.2"
"HRA71C02","Psychiatric In-patients (Rate per 100,000 Pop.)","2022","2022","-","Both sexes","12","Drug dependence","Rate per 100,000 Pop.",""
"HRA71C02","Psychiatric In-patients (Rate per 100,000 Pop.)","2022","2022","-","Both sexes","13","Other drug disorders","Rate per 100,000 Pop.","0.6"
"HRA71C02","Psychiatric In-patients (Rate per 100,000 Pop.)","2022","2022","-","Both sexes","14","Mental handicap","Rate per 100,000 Pop.",""
"HRA71C02","Psychiatric In-patients (Rate per 100,000 Pop.)","2022","2022","-","Both sexes","15","Eating disorders","Rate per 100,000 Pop.","0.5"
"HRA71C02","Psychiatric In-patients (Rate per 100,000 Pop.)","2022","2022","-","Both sexes","16","Intellectual disability","Rate per 100,000 Pop.","1.3"
"HRA71C02","Psychiatric In-patients (Rate per 100,000 Pop.)","2022","2022","-","Both sexes","17","Development disorders","Rate per 100,000 Pop.","0.2"
"HRA71C02","Psychiatric In-patients (Rate per 100,000 Pop.)","2022","2022","-","Both sexes","18","Behavioural, emotional disorders of childhood and adolescence","Rate per 100,000 Pop.","0"
"HRA71C02","Psychiatric In-patients (Rate per 100,000 Pop.)","2022","2022","-","Both sexes","19","Other and unspecified","Rate per 100,000 Pop.","6.4"
"HRA71C02","Psychiatric In-patients (Rate per 100,000 Pop.)","2022","2022","-","Both sexes","20","Unspecified","Rate per 100,000 Pop.",""
"HRA71C02","Psychiatric In-patients (Rate per 100,000 Pop.)","2022","2022","-","Both sexes","21","All disorders","Rate per 100,000 Pop.","40.2"
"HRA71C02","Psychiatric In-patients (Rate per 100,000 Pop.)","2022","2022","1","Male","01","Organic category","Rate per 100,000 Pop.",""
"HRA71C02","Psychiatric In-patients (Rate per 100,000 Pop.)","2022","2022","1","Male","02","Organic mental disorders","Rate per 100,000 Pop.","3.4"
"HRA71C02","Psychiatric In-patients (Rate per 100,000 Pop.)","2022","2022","1","Male","03","Schizophrenia","Rate per 100,000 Pop.",""
"HRA71C02","Psychiatric In-patients (Rate per 100,000 Pop.)","2022","2022","1","Male","04","Schizophrenia, schizotypal and delusional disorders","Rate per 100,000 Pop.","19.2"
"HRA71C02","Psychiatric In-patients (Rate per 100,000 Pop.)","2022","2022","1","Male","05","Other psychoses","Rate per 100,000 Pop.",""
"HRA71C02","Psychiatric In-patients (Rate per 100,000 Pop.)","2022","2022","1","Male","06","Depressive disorders","Rate per 100,000 Pop.","5.4"
"HRA71C02","Psychiatric In-patients (Rate per 100,000 Pop.)","2022","2022","1","Male","07","Mania","Rate per 100,000 Pop.","3.3"
"HRA71C02","Psychiatric In-patients (Rate per 100,000 Pop.)","2022","2022","1","Male","08","Neuroses","Rate per 100,000 Pop.","1.2"
"HRA71C02","Psychiatric In-patients (Rate per 100,000 Pop.)","2022","2022","1","Male","09","Personality disorders","Rate per 100,000 Pop.",""
"HRA71C02","Psychiatric In-patients (Rate per 100,000 Pop.)","2022","2022","1","Male","10","Personality and behavioural disorders","Rate per 100,000 Pop.","0.8"
"HRA71C02","Psychiatric In-patients (Rate per 100,000 Pop.)","2022","2022","1","Male","11","Alcoholic disorders","Rate per 100,000 Pop.","1.7"
"HRA71C02","Psychiatric In-patients (Rate per 100,000 Pop.)","2022","2022","1","Male","12","Drug dependence","Rate per 100,000 Pop.",""
"HRA71C02","Psychiatric In-patients (Rate per 100,000 Pop.)","2022","2022","1","Male","13","Other drug disorders","Rate per 100,000 Pop.","1"
"HRA71C02","Psychiatric In-patients (Rate per 100,000 Pop.)","2022","2022","1","Male","14","Mental handicap","Rate per 100,000 Pop.",""
"HRA71C02","Psychiatric In-patients (Rate per 100,000 Pop.)","2022","2022","1","Male","15","Eating disorders","Rate per 100,000 Pop.","0"
"HRA71C02","Psychiatric In-patients (Rate per 100,000 Pop.)","2022","2022","1","Male","16","Intellectual disability","Rate per 100,000 Pop.","2"
"HRA71C02","Psychiatric In-patients (Rate per 100,000 Pop.)","2022","2022","1","Male","17","Development disorders","Rate per 100,000 Pop.","0.4"
"HRA71C02","Psychiatric In-patients (Rate per 100,000 Pop.)","2022","2022","1","Male","18","Behavioural, emotional disorders of childhood and adolescence","Rate per 100,000 Pop.","0"
"HRA71C02","Psychiatric In-patients (Rate per 100,000 Pop.)","2022","2022","1","Male","19","Other and unspecified","Rate per 100,000 Pop.","6.4"
"HRA71C02","Psychiatric In-patients (Rate per 100,000 Pop.)","2022","2022","1","Male","20","Unspecified","Rate per 100,000 Pop.",""
"HRA71C02","Psychiatric In-patients (Rate per 100,000 Pop.)","2022","2022","1","Male","21","All disorders","Rate per 100,000 Pop.","44.9"
"HRA71C02","Psychiatric In-patients (Rate per 100,000 Pop.)","2022","2022","2","Female","01","Organic category","Rate per 100,000 Pop.",""
"HRA71C02","Psychiatric In-patients (Rate per 100,000 Pop.)","2022","2022","2","Female","02","Organic mental disorders","Rate per 100,000 Pop.","2.5"
"HRA71C02","Psychiatric In-patients (Rate per 100,000 Pop.)","2022","2022","2","Female","03","Schizophrenia","Rate per 100,000 Pop.",""
"HRA71C02","Psychiatric In-patients (Rate per 100,000 Pop.)","2022","2022","2","Female","04","Schizophrenia, schizotypal and delusional disorders","Rate per 100,000 Pop.","11.3"
"HRA71C02","Psychiatric In-patients (Rate per 100,000 Pop.)","2022","2022","2","Female","05","Other psychoses","Rate per 100,000 Pop.",""
"HRA71C02","Psychiatric In-patients (Rate per 100,000 Pop.)","2022","2022","2","Female","06","Depressive disorders","Rate per 100,000 Pop.","6.2"
"HRA71C02","Psychiatric In-patients (Rate per 100,000 Pop.)","2022","2022","2","Female","07","Mania","Rate per 100,000 Pop.","3"
"HRA71C02","Psychiatric In-patients (Rate per 100,000 Pop.)","2022","2022","2","Female","08","Neuroses","Rate per 100,000 Pop.","1.9"
"HRA71C02","Psychiatric In-patients (Rate per 100,000 Pop.)","2022","2022","2","Female","09","Personality disorders","Rate per 100,000 Pop.",""
"HRA71C02","Psychiatric In-patients (Rate per 100,000 Pop.)","2022","2022","2","Female","10","Personality and behavioural disorders","Rate per 100,000 Pop.","1.7"
"HRA71C02","Psychiatric In-patients (Rate per 100,000 Pop.)","2022","2022","2","Female","11","Alcoholic disorders","Rate per 100,000 Pop.","0.7"
"HRA71C02","Psychiatric In-patients (Rate per 100,000 Pop.)","2022","2022","2","Female","12","Drug dependence","Rate per 100,000 Pop.",""
"HRA71C02","Psychiatric In-patients (Rate per 100,000 Pop.)","2022","2022","2","Female","13","Other drug disorders","Rate per 100,000 Pop.","0.2"
"HRA71C02","Psychiatric In-patients (Rate per 100,000 Pop.)","2022","2022","2","Female","14","Mental handicap","Rate per 100,000 Pop.",""
"HRA71C02","Psychiatric In-patients (Rate per 100,000 Pop.)","2022","2022","2","Female","15","Eating disorders","Rate per 100,000 Pop.","0.9"
"HRA71C02","Psychiatric In-patients (Rate per 100,000 Pop.)","2022","2022","2","Female","16","Intellectual disability","Rate per 100,000 Pop.","0.7"
"HRA71C02","Psychiatric In-patients (Rate per 100,000 Pop.)","2022","2022","2","Female","17","Development disorders","Rate per 100,000 Pop.","0"
"HRA71C02","Psychiatric In-patients (Rate per 100,000 Pop.)","2022","2022","2","Female","18","Behavioural, emotional disorders of childhood and adolescence","Rate per 100,000 Pop.","0"
"HRA71C02","Psychiatric In-patients (Rate per 100,000 Pop.)","2022","2022","2","Female","19","Other and unspecified","Rate per 100,000 Pop.","6.4"
"HRA71C02","Psychiatric In-patients (Rate per 100,000 Pop.)","2022","2022","2","Female","20","Unspecified","Rate per 100,000 Pop.",""
"HRA71C02","Psychiatric In-patients (Rate per 100,000 Pop.)","2022","2022","2","Female","21","All disorders","Rate per 100,000 Pop.","35.6"
"HRA71C02","Psychiatric In-patients (Rate per 100,000 Pop.)","2023","2023","-","Both sexes","01","Organic category","Rate per 100,000 Pop.",""
"HRA71C02","Psychiatric In-patients (Rate per 100,000 Pop.)","2023","2023","-","Both sexes","02","Organic mental disorders","Rate per 100,000 Pop.","3.4"
"HRA71C02","Psychiatric In-patients (Rate per 100,000 Pop.)","2023","2023","-","Both sexes","03","Schizophrenia","Rate per 100,000 Pop.",""
"HRA71C02","Psychiatric In-patients (Rate per 100,000 Pop.)","2023","2023","-","Both sexes","04","Schizophrenia, schizotypal and delusional disorders","Rate per 100,000 Pop.","14.3"
"HRA71C02","Psychiatric In-patients (Rate per 100,000 Pop.)","2023","2023","-","Both sexes","05","Other psychoses","Rate per 100,000 Pop.",""
"HRA71C02","Psychiatric In-patients (Rate per 100,000 Pop.)","2023","2023","-","Both sexes","06","Depressive disorders","Rate per 100,000 Pop.","5.3"
"HRA71C02","Psychiatric In-patients (Rate per 100,000 Pop.)","2023","2023","-","Both sexes","07","Mania","Rate per 100,000 Pop.","3"
"HRA71C02","Psychiatric In-patients (Rate per 100,000 Pop.)","2023","2023","-","Both sexes","08","Neuroses","Rate per 100,000 Pop.","2.2"
"HRA71C02","Psychiatric In-patients (Rate per 100,000 Pop.)","2023","2023","-","Both sexes","09","Personality disorders","Rate per 100,000 Pop.",""
"HRA71C02","Psychiatric In-patients (Rate per 100,000 Pop.)","2023","2023","-","Both sexes","10","Personality and behavioural disorders","Rate per 100,000 Pop.","1.5"
"HRA71C02","Psychiatric In-patients (Rate per 100,000 Pop.)","2023","2023","-","Both sexes","11","Alcoholic disorders","Rate per 100,000 Pop.","0.9"
"HRA71C02","Psychiatric In-patients (Rate per 100,000 Pop.)","2023","2023","-","Both sexes","12","Drug dependence","Rate per 100,000 Pop.",""
"HRA71C02","Psychiatric In-patients (Rate per 100,000 Pop.)","2023","2023","-","Both sexes","13","Other drug disorders","Rate per 100,000 Pop.","0.7"
"HRA71C02","Psychiatric In-patients (Rate per 100,000 Pop.)","2023","2023","-","Both sexes","14","Mental handicap","Rate per 100,000 Pop.",""
"HRA71C02","Psychiatric In-patients (Rate per 100,000 Pop.)","2023","2023","-","Both sexes","15","Eating disorders","Rate per 100,000 Pop.","0.6"
"HRA71C02","Psychiatric In-patients (Rate per 100,000 Pop.)","2023","2023","-","Both sexes","16","Intellectual disability","Rate per 100,000 Pop.","1.1"
"HRA71C02","Psychiatric In-patients (Rate per 100,000 Pop.)","2023","2023","-","Both sexes","17","Development disorders","Rate per 100,000 Pop.","0.2"
"HRA71C02","Psychiatric In-patients (Rate per 100,000 Pop.)","2023","2023","-","Both sexes","18","Behavioural, emotional disorders of childhood and adolescence","Rate per 100,000 Pop.","0"
"HRA71C02","Psychiatric In-patients (Rate per 100,000 Pop.)","2023","2023","-","Both sexes","19","Other and unspecified","Rate per 100,000 Pop.","6"
"HRA71C02","Psychiatric In-patients (Rate per 100,000 Pop.)","2023","2023","-","Both sexes","20","Unspecified","Rate per 100,000 Pop.",""
"HRA71C02","Psychiatric In-patients (Rate per 100,000 Pop.)","2023","2023","-","Both sexes","21","All disorders","Rate per 100,000 Pop.","39.2"
"HRA71C02","Psychiatric In-patients (Rate per 100,000 Pop.)","2023","2023","1","Male","01","Organic category","Rate per 100,000 Pop.",""
"HRA71C02","Psychiatric In-patients (Rate per 100,000 Pop.)","2023","2023","1","Male","02","Organic mental disorders","Rate per 100,000 Pop.","3.6"
"HRA71C02","Psychiatric In-patients (Rate per 100,000 Pop.)","2023","2023","1","Male","03","Schizophrenia","Rate per 100,000 Pop.",""
"HRA71C02","Psychiatric In-patients (Rate per 100,000 Pop.)","2023","2023","1","Male","04","Schizophrenia, schizotypal and delusional disorders","Rate per 100,000 Pop.","18.6"
"HRA71C02","Psychiatric In-patients (Rate per 100,000 Pop.)","2023","2023","1","Male","05","Other psychoses","Rate per 100,000 Pop.",""
"HRA71C02","Psychiatric In-patients (Rate per 100,000 Pop.)","2023","2023","1","Male","06","Depressive disorders","Rate per 100,000 Pop.","5"
"HRA71C02","Psychiatric In-patients (Rate per 100,000 Pop.)","2023","2023","1","Male","07","Mania","Rate per 100,000 Pop.","2.8"
"HRA71C02","Psychiatric In-patients (Rate per 100,000 Pop.)","2023","2023","1","Male","08","Neuroses","Rate per 100,000 Pop.","1.6"
"HRA71C02","Psychiatric In-patients (Rate per 100,000 Pop.)","2023","2023","1","Male","09","Personality disorders","Rate per 100,000 Pop.",""
"HRA71C02","Psychiatric In-patients (Rate per 100,000 Pop.)","2023","2023","1","Male","10","Personality and behavioural disorders","Rate per 100,000 Pop.","0.9"
"HRA71C02","Psychiatric In-patients (Rate per 100,000 Pop.)","2023","2023","1","Male","11","Alcoholic disorders","Rate per 100,000 Pop.","1.1"
"HRA71C02","Psychiatric In-patients (Rate per 100,000 Pop.)","2023","2023","1","Male","12","Drug dependence","Rate per 100,000 Pop.",""
"HRA71C02","Psychiatric In-patients (Rate per 100,000 Pop.)","2023","2023","1","Male","13","Other drug disorders","Rate per 100,000 Pop.","1.1"
"HRA71C02","Psychiatric In-patients (Rate per 100,000 Pop.)","2023","2023","1","Male","14","Mental handicap","Rate per 100,000 Pop.",""
"HRA71C02","Psychiatric In-patients (Rate per 100,000 Pop.)","2023","2023","1","Male","15","Eating disorders","Rate per 100,000 Pop.","0"
"HRA71C02","Psychiatric In-patients (Rate per 100,000 Pop.)","2023","2023","1","Male","16","Intellectual disability","Rate per 100,000 Pop.","1.7"
"HRA71C02","Psychiatric In-patients (Rate per 100,000 Pop.)","2023","2023","1","Male","17","Development disorders","Rate per 100,000 Pop.","0.4"
"HRA71C02","Psychiatric In-patients (Rate per 100,000 Pop.)","2023","2023","1","Male","18","Behavioural, emotional disorders of childhood and adolescence","Rate per 100,000 Pop.","0"
"HRA71C02","Psychiatric In-patients (Rate per 100,000 Pop.)","2023","2023","1","Male","19","Other and unspecified","Rate per 100,000 Pop.","5.9"
"HRA71C02","Psychiatric In-patients (Rate per 100,000 Pop.)","2023","2023","1","Male","20","Unspecified","Rate per 100,000 Pop.",""
"HRA71C02","Psychiatric In-patients (Rate per 100,000 Pop.)","2023","2023","1","Male","21","All disorders","Rate per 100,000 Pop.","42.9"
"HRA71C02","Psychiatric In-patients (Rate per 100,000 Pop.)","2023","2023","2","Female","01","Organic category","Rate per 100,000 Pop.",""
"HRA71C02","Psychiatric In-patients (Rate per 100,000 Pop.)","2023","2023","2","Female","02","Organic mental disorders","Rate per 100,000 Pop.","3.2"
"HRA71C02","Psychiatric In-patients (Rate per 100,000 Pop.)","2023","2023","2","Female","03","Schizophrenia","Rate per 100,000 Pop.",""
"HRA71C02","Psychiatric In-patients (Rate per 100,000 Pop.)","2023","2023","2","Female","04","Schizophrenia, schizotypal and delusional disorders","Rate per 100,000 Pop.","10"
"HRA71C02","Psychiatric In-patients (Rate per 100,000 Pop.)","2023","2023","2","Female","05","Other psychoses","Rate per 100,000 Pop.",""
"HRA71C02","Psychiatric In-patients (Rate per 100,000 Pop.)","2023","2023","2","Female","06","Depressive disorders","Rate per 100,000 Pop.","5.6"
"HRA71C02","Psychiatric In-patients (Rate per 100,000 Pop.)","2023","2023","2","Female","07","Mania","Rate per 100,000 Pop.","3.1"
"HRA71C02","Psychiatric In-patients (Rate per 100,000 Pop.)","2023","2023","2","Female","08","Neuroses","Rate per 100,000 Pop.","2.8"
"HRA71C02","Psychiatric In-patients (Rate per 100,000 Pop.)","2023","2023","2","Female","09","Personality disorders","Rate per 100,000 Pop.",""
"HRA71C02","Psychiatric In-patients (Rate per 100,000 Pop.)","2023","2023","2","Female","10","Personality and behavioural disorders","Rate per 100,000 Pop.","2.1"
"HRA71C02","Psychiatric In-patients (Rate per 100,000 Pop.)","2023","2023","2","Female","11","Alcoholic disorders","Rate per 100,000 Pop.","0.7"
"HRA71C02","Psychiatric In-patients (Rate per 100,000 Pop.)","2023","2023","2","Female","12","Drug dependence","Rate per 100,000 Pop.",""
"HRA71C02","Psychiatric In-patients (Rate per 100,000 Pop.)","2023","2023","2","Female","13","Other drug disorders","Rate per 100,000 Pop.","0.2"
"HRA71C02","Psychiatric In-patients (Rate per 100,000 Pop.)","2023","2023","2","Female","14","Mental handicap","Rate per 100,000 Pop.",""
"HRA71C02","Psychiatric In-patients (Rate per 100,000 Pop.)","2023","2023","2","Female","15","Eating disorders","Rate per 100,000 Pop.","1.2"
"HRA71C02","Psychiatric In-patients (Rate per 100,000 Pop.)","2023","2023","2","Female","16","Intellectual disability","Rate per 100,000 Pop.","0.6"
"HRA71C02","Psychiatric In-patients (Rate per 100,000 Pop.)","2023","2023","2","Female","17","Development disorders","Rate per 100,000 Pop.","0"
"HRA71C02","Psychiatric In-patients (Rate per 100,000 Pop.)","2023","2023","2","Female","18","Behavioural, emotional disorders of childhood and adolescence","Rate per 100,000 Pop.","0"
"HRA71C02","Psychiatric In-patients (Rate per 100,000 Pop.)","2023","2023","2","Female","19","Other and unspecified","Rate per 100,000 Pop.","6.1"
"HRA71C02","Psychiatric In-patients (Rate per 100,000 Pop.)","2023","2023","2","Female","20","Unspecified","Rate per 100,000 Pop.",""
"HRA71C02","Psychiatric In-patients (Rate per 100,000 Pop.)","2023","2023","2","Female","21","All disorders","Rate per 100,000 Pop.","35.7"
"HRA71C03","Psychiatric In-patients (%)","2001","2001","-","Both sexes","01","Organic category","%","7.3"
"HRA71C03","Psychiatric In-patients (%)","2001","2001","-","Both sexes","02","Organic mental disorders","%",""
"HRA71C03","Psychiatric In-patients (%)","2001","2001","-","Both sexes","03","Schizophrenia","%","39.4"
"HRA71C03","Psychiatric In-patients (%)","2001","2001","-","Both sexes","04","Schizophrenia, schizotypal and delusional disorders","%",""
"HRA71C03","Psychiatric In-patients (%)","2001","2001","-","Both sexes","05","Other psychoses","%","1.1"
"HRA71C03","Psychiatric In-patients (%)","2001","2001","-","Both sexes","06","Depressive disorders","%","17.4"
"HRA71C03","Psychiatric In-patients (%)","2001","2001","-","Both sexes","07","Mania","%","9.8"
"HRA71C03","Psychiatric In-patients (%)","2001","2001","-","Both sexes","08","Neuroses","%","3.4"
"HRA71C03","Psychiatric In-patients (%)","2001","2001","-","Both sexes","09","Personality disorders","%","2.9"
"HRA71C03","Psychiatric In-patients (%)","2001","2001","-","Both sexes","10","Personality and behavioural disorders","%",""
"HRA71C03","Psychiatric In-patients (%)","2001","2001","-","Both sexes","11","Alcoholic disorders","%","5.6"
"HRA71C03","Psychiatric In-patients (%)","2001","2001","-","Both sexes","12","Drug dependence","%","1.3"
"HRA71C03","Psychiatric In-patients (%)","2001","2001","-","Both sexes","13","Other drug disorders","%",""
"HRA71C03","Psychiatric In-patients (%)","2001","2001","-","Both sexes","14","Mental handicap","%","9.1"
"HRA71C03","Psychiatric In-patients (%)","2001","2001","-","Both sexes","15","Eating disorders","%",""
"HRA71C03","Psychiatric In-patients (%)","2001","2001","-","Both sexes","16","Intellectual disability","%",""
"HRA71C03","Psychiatric In-patients (%)","2001","2001","-","Both sexes","17","Development disorders","%",""
"HRA71C03","Psychiatric In-patients (%)","2001","2001","-","Both sexes","18","Behavioural, emotional disorders of childhood and adolescence","%",""
"HRA71C03","Psychiatric In-patients (%)","2001","2001","-","Both sexes","19","Other and unspecified","%",""
"HRA71C03","Psychiatric In-patients (%)","2001","2001","-","Both sexes","20","Unspecified","%","2.7"
"HRA71C03","Psychiatric In-patients (%)","2001","2001","-","Both sexes","21","All disorders","%","100"
"HRA71C03","Psychiatric In-patients (%)","2001","2001","1","Male","01","Organic category","%",""
"HRA71C03","Psychiatric In-patients (%)","2001","2001","1","Male","02","Organic mental disorders","%",""
"HRA71C03","Psychiatric In-patients (%)","2001","2001","1","Male","03","Schizophrenia","%",""
"HRA71C03","Psychiatric In-patients (%)","2001","2001","1","Male","04","Schizophrenia, schizotypal and delusional disorders","%",""
"HRA71C03","Psychiatric In-patients (%)","2001","2001","1","Male","05","Other psychoses","%",""
"HRA71C03","Psychiatric In-patients (%)","2001","2001","1","Male","06","Depressive disorders","%",""
"HRA71C03","Psychiatric In-patients (%)","2001","2001","1","Male","07","Mania","%",""
"HRA71C03","Psychiatric In-patients (%)","2001","2001","1","Male","08","Neuroses","%",""
"HRA71C03","Psychiatric In-patients (%)","2001","2001","1","Male","09","Personality disorders","%",""
"HRA71C03","Psychiatric In-patients (%)","2001","2001","1","Male","10","Personality and behavioural disorders","%",""
"HRA71C03","Psychiatric In-patients (%)","2001","2001","1","Male","11","Alcoholic disorders","%",""
"HRA71C03","Psychiatric In-patients (%)","2001","2001","1","Male","12","Drug dependence","%",""
"HRA71C03","Psychiatric In-patients (%)","2001","2001","1","Male","13","Other drug disorders","%",""
"HRA71C03","Psychiatric In-patients (%)","2001","2001","1","Male","14","Mental handicap","%",""
"HRA71C03","Psychiatric In-patients (%)","2001","2001","1","Male","15","Eating disorders","%",""
"HRA71C03","Psychiatric In-patients (%)","2001","2001","1","Male","16","Intellectual disability","%",""
"HRA71C03","Psychiatric In-patients (%)","2001","2001","1","Male","17","Development disorders","%",""
"HRA71C03","Psychiatric In-patients (%)","2001","2001","1","Male","18","Behavioural, emotional disorders of childhood and adolescence","%",""
"HRA71C03","Psychiatric In-patients (%)","2001","2001","1","Male","19","Other and unspecified","%",""
"HRA71C03","Psychiatric In-patients (%)","2001","2001","1","Male","20","Unspecified","%",""
"HRA71C03","Psychiatric In-patients (%)","2001","2001","1","Male","21","All disorders","%",""
"HRA71C03","Psychiatric In-patients (%)","2001","2001","2","Female","01","Organic category","%",""
"HRA71C03","Psychiatric In-patients (%)","2001","2001","2","Female","02","Organic mental disorders","%",""
"HRA71C03","Psychiatric In-patients (%)","2001","2001","2","Female","03","Schizophrenia","%",""
"HRA71C03","Psychiatric In-patients (%)","2001","2001","2","Female","04","Schizophrenia, schizotypal and delusional disorders","%",""
"HRA71C03","Psychiatric In-patients (%)","2001","2001","2","Female","05","Other psychoses","%",""
"HRA71C03","Psychiatric In-patients (%)","2001","2001","2","Female","06","Depressive disorders","%",""
"HRA71C03","Psychiatric In-patients (%)","2001","2001","2","Female","07","Mania","%",""
"HRA71C03","Psychiatric In-patients (%)","2001","2001","2","Female","08","Neuroses","%",""
"HRA71C03","Psychiatric In-patients (%)","2001","2001","2","Female","09","Personality disorders","%",""
"HRA71C03","Psychiatric In-patients (%)","2001","2001","2","Female","10","Personality and behavioural disorders","%",""
"HRA71C03","Psychiatric In-patients (%)","2001","2001","2","Female","11","Alcoholic disorders","%",""
"HRA71C03","Psychiatric In-patients (%)","2001","2001","2","Female","12","Drug dependence","%",""
"HRA71C03","Psychiatric In-patients (%)","2001","2001","2","Female","13","Other drug disorders","%",""
"HRA71C03","Psychiatric In-patients (%)","2001","2001","2","Female","14","Mental handicap","%",""
"HRA71C03","Psychiatric In-patients (%)","2001","2001","2","Female","15","Eating disorders","%",""
"HRA71C03","Psychiatric In-patients (%)","2001","2001","2","Female","16","Intellectual disability","%",""
"HRA71C03","Psychiatric In-patients (%)","2001","2001","2","Female","17","Development disorders","%",""
"HRA71C03","Psychiatric In-patients (%)","2001","2001","2","Female","18","Behavioural, emotional disorders of childhood and adolescence","%",""
"HRA71C03","Psychiatric In-patients (%)","2001","2001","2","Female","19","Other and unspecified","%",""
"HRA71C03","Psychiatric In-patients (%)","2001","2001","2","Female","20","Unspecified","%",""
"HRA71C03","Psychiatric In-patients (%)","2001","2001","2","Female","21","All disorders","%",""
"HRA71C03","Psychiatric In-patients (%)","2006","2006","-","Both sexes","01","Organic category","%",""
"HRA71C03","Psychiatric In-patients (%)","2006","2006","-","Both sexes","02","Organic mental disorders","%","6.9"
"HRA71C03","Psychiatric In-patients (%)","2006","2006","-","Both sexes","03","Schizophrenia","%",""
"HRA71C03","Psychiatric In-patients (%)","2006","2006","-","Both sexes","04","Schizophrenia, schizotypal and delusional disorders","%","34.3"
"HRA71C03","Psychiatric In-patients (%)","2006","2006","-","Both sexes","05","Other psychoses","%",""
"HRA71C03","Psychiatric In-patients (%)","2006","2006","-","Both sexes","06","Depressive disorders","%","14.5"
"HRA71C03","Psychiatric In-patients (%)","2006","2006","-","Both sexes","07","Mania","%","8.1"
"HRA71C03","Psychiatric In-patients (%)","2006","2006","-","Both sexes","08","Neuroses","%","1.7"
"HRA71C03","Psychiatric In-patients (%)","2006","2006","-","Both sexes","09","Personality disorders","%",""
"HRA71C03","Psychiatric In-patients (%)","2006","2006","-","Both sexes","10","Personality and behavioural disorders","%","2.1"
"HRA71C03","Psychiatric In-patients (%)","2006","2006","-","Both sexes","11","Alcoholic disorders","%","4.8"
"HRA71C03","Psychiatric In-patients (%)","2006","2006","-","Both sexes","12","Drug dependence","%",""
"HRA71C03","Psychiatric In-patients (%)","2006","2006","-","Both sexes","13","Other drug disorders","%","0.8"
"HRA71C03","Psychiatric In-patients (%)","2006","2006","-","Both sexes","14","Mental handicap","%",""
"HRA71C03","Psychiatric In-patients (%)","2006","2006","-","Both sexes","15","Eating disorders","%","0.5"
"HRA71C03","Psychiatric In-patients (%)","2006","2006","-","Both sexes","16","Intellectual disability","%","7.4"
"HRA71C03","Psychiatric In-patients (%)","2006","2006","-","Both sexes","17","Development disorders","%","0.4"
"HRA71C03","Psychiatric In-patients (%)","2006","2006","-","Both sexes","18","Behavioural, emotional disorders of childhood and adolescence","%","0.2"
"HRA71C03","Psychiatric In-patients (%)","2006","2006","-","Both sexes","19","Other and unspecified","%","18.2"
"HRA71C03","Psychiatric In-patients (%)","2006","2006","-","Both sexes","20","Unspecified","%",""
"HRA71C03","Psychiatric In-patients (%)","2006","2006","-","Both sexes","21","All disorders","%","100"
"HRA71C03","Psychiatric In-patients (%)","2006","2006","1","Male","01","Organic category","%",""
"HRA71C03","Psychiatric In-patients (%)","2006","2006","1","Male","02","Organic mental disorders","%",""
"HRA71C03","Psychiatric In-patients (%)","2006","2006","1","Male","03","Schizophrenia","%",""
"HRA71C03","Psychiatric In-patients (%)","2006","2006","1","Male","04","Schizophrenia, schizotypal and delusional disorders","%",""
"HRA71C03","Psychiatric In-patients (%)","2006","2006","1","Male","05","Other psychoses","%",""
"HRA71C03","Psychiatric In-patients (%)","2006","2006","1","Male","06","Depressive disorders","%",""
"HRA71C03","Psychiatric In-patients (%)","2006","2006","1","Male","07","Mania","%",""
"HRA71C03","Psychiatric In-patients (%)","2006","2006","1","Male","08","Neuroses","%",""
"HRA71C03","Psychiatric In-patients (%)","2006","2006","1","Male","09","Personality disorders","%",""
"HRA71C03","Psychiatric In-patients (%)","2006","2006","1","Male","10","Personality and behavioural disorders","%",""
"HRA71C03","Psychiatric In-patients (%)","2006","2006","1","Male","11","Alcoholic disorders","%",""
"HRA71C03","Psychiatric In-patients (%)","2006","2006","1","Male","12","Drug dependence","%",""
"HRA71C03","Psychiatric In-patients (%)","2006","2006","1","Male","13","Other drug disorders","%",""
"HRA71C03","Psychiatric In-patients (%)","2006","2006","1","Male","14","Mental handicap","%",""
"HRA71C03","Psychiatric In-patients (%)","2006","2006","1","Male","15","Eating disorders","%",""
"HRA71C03","Psychiatric In-patients (%)","2006","2006","1","Male","16","Intellectual disability","%",""
"HRA71C03","Psychiatric In-patients (%)","2006","2006","1","Male","17","Development disorders","%",""
"HRA71C03","Psychiatric In-patients (%)","2006","2006","1","Male","18","Behavioural, emotional disorders of childhood and adolescence","%",""
"HRA71C03","Psychiatric In-patients (%)","2006","2006","1","Male","19","Other and unspecified","%",""
"HRA71C03","Psychiatric In-patients (%)","2006","2006","1","Male","20","Unspecified","%",""
"HRA71C03","Psychiatric In-patients (%)","2006","2006","1","Male","21","All disorders","%",""
"HRA71C03","Psychiatric In-patients (%)","2006","2006","2","Female","01","Organic category","%",""
"HRA71C03","Psychiatric In-patients (%)","2006","2006","2","Female","02","Organic mental disorders","%",""
"HRA71C03","Psychiatric In-patients (%)","2006","2006","2","Female","03","Schizophrenia","%",""
"HRA71C03","Psychiatric In-patients (%)","2006","2006","2","Female","04","Schizophrenia, schizotypal and delusional disorders","%",""
"HRA71C03","Psychiatric In-patients (%)","2006","2006","2","Female","05","Other psychoses","%",""
"HRA71C03","Psychiatric In-patients (%)","2006","2006","2","Female","06","Depressive disorders","%",""
"HRA71C03","Psychiatric In-patients (%)","2006","2006","2","Female","07","Mania","%",""
"HRA71C03","Psychiatric In-patients (%)","2006","2006","2","Female","08","Neuroses","%",""
"HRA71C03","Psychiatric In-patients (%)","2006","2006","2","Female","09","Personality disorders","%",""
"HRA71C03","Psychiatric In-patients (%)","2006","2006","2","Female","10","Personality and behavioural disorders","%",""
"HRA71C03","Psychiatric In-patients (%)","2006","2006","2","Female","11","Alcoholic disorders","%",""
"HRA71C03","Psychiatric In-patients (%)","2006","2006","2","Female","12","Drug dependence","%",""
"HRA71C03","Psychiatric In-patients (%)","2006","2006","2","Female","13","Other drug disorders","%",""
"HRA71C03","Psychiatric In-patients (%)","2006","2006","2","Female","14","Mental handicap","%",""
"HRA71C03","Psychiatric In-patients (%)","2006","2006","2","Female","15","Eating disorders","%",""
"HRA71C03","Psychiatric In-patients (%)","2006","2006","2","Female","16","Intellectual disability","%",""
"HRA71C03","Psychiatric In-patients (%)","2006","2006","2","Female","17","Development disorders","%",""
"HRA71C03","Psychiatric In-patients (%)","2006","2006","2","Female","18","Behavioural, emotional disorders of childhood and adolescence","%",""
"HRA71C03","Psychiatric In-patients (%)","2006","2006","2","Female","19","Other and unspecified","%",""
"HRA71C03","Psychiatric In-patients (%)","2006","2006","2","Female","20","Unspecified","%",""
"HRA71C03","Psychiatric In-patients (%)","2006","2006","2","Female","21","All disorders","%",""
"HRA71C03","Psychiatric In-patients (%)","2010","2010","-","Both sexes","01","Organic category","%",""
"HRA71C03","Psychiatric In-patients (%)","2010","2010","-","Both sexes","02","Organic mental disorders","%","9.7"
"HRA71C03","Psychiatric In-patients (%)","2010","2010","-","Both sexes","03","Schizophrenia","%",""
"HRA71C03","Psychiatric In-patients (%)","2010","2010","-","Both sexes","04","Schizophrenia, schizotypal and delusional disorders","%","34"
"HRA71C03","Psychiatric In-patients (%)","2010","2010","-","Both sexes","05","Other psychoses","%",""
"HRA71C03","Psychiatric In-patients (%)","2010","2010","-","Both sexes","06","Depressive disorders","%","17.1"
"HRA71C03","Psychiatric In-patients (%)","2010","2010","-","Both sexes","07","Mania","%","7.7"
"HRA71C03","Psychiatric In-patients (%)","2010","2010","-","Both sexes","08","Neuroses","%","3.5"
"HRA71C03","Psychiatric In-patients (%)","2010","2010","-","Both sexes","09","Personality disorders","%",""
"HRA71C03","Psychiatric In-patients (%)","2010","2010","-","Both sexes","10","Personality and behavioural disorders","%","2.8"
"HRA71C03","Psychiatric In-patients (%)","2010","2010","-","Both sexes","11","Alcoholic disorders","%","3.5"
"HRA71C03","Psychiatric In-patients (%)","2010","2010","-","Both sexes","12","Drug dependence","%",""
"HRA71C03","Psychiatric In-patients (%)","2010","2010","-","Both sexes","13","Other drug disorders","%","1.6"
"HRA71C03","Psychiatric In-patients (%)","2010","2010","-","Both sexes","14","Mental handicap","%",""
"HRA71C03","Psychiatric In-patients (%)","2010","2010","-","Both sexes","15","Eating disorders","%","0.7"
"HRA71C03","Psychiatric In-patients (%)","2010","2010","-","Both sexes","16","Intellectual disability","%","5.5"
"HRA71C03","Psychiatric In-patients (%)","2010","2010","-","Both sexes","17","Development disorders","%","0.4"
"HRA71C03","Psychiatric In-patients (%)","2010","2010","-","Both sexes","18","Behavioural, emotional disorders of childhood and adolescence","%","0.3"
"HRA71C03","Psychiatric In-patients (%)","2010","2010","-","Both sexes","19","Other and unspecified","%","13.2"
"HRA71C03","Psychiatric In-patients (%)","2010","2010","-","Both sexes","20","Unspecified","%",""
"HRA71C03","Psychiatric In-patients (%)","2010","2010","-","Both sexes","21","All disorders","%","100"
"HRA71C03","Psychiatric In-patients (%)","2010","2010","1","Male","01","Organic category","%",""
"HRA71C03","Psychiatric In-patients (%)","2010","2010","1","Male","02","Organic mental disorders","%",""
"HRA71C03","Psychiatric In-patients (%)","2010","2010","1","Male","03","Schizophrenia","%",""
"HRA71C03","Psychiatric In-patients (%)","2010","2010","1","Male","04","Schizophrenia, schizotypal and delusional disorders","%",""
"HRA71C03","Psychiatric In-patients (%)","2010","2010","1","Male","05","Other psychoses","%",""
"HRA71C03","Psychiatric In-patients (%)","2010","2010","1","Male","06","Depressive disorders","%",""
"HRA71C03","Psychiatric In-patients (%)","2010","2010","1","Male","07","Mania","%",""
"HRA71C03","Psychiatric In-patients (%)","2010","2010","1","Male","08","Neuroses","%",""
"HRA71C03","Psychiatric In-patients (%)","2010","2010","1","Male","09","Personality disorders","%",""
"HRA71C03","Psychiatric In-patients (%)","2010","2010","1","Male","10","Personality and behavioural disorders","%",""
"HRA71C03","Psychiatric In-patients (%)","2010","2010","1","Male","11","Alcoholic disorders","%",""
"HRA71C03","Psychiatric In-patients (%)","2010","2010","1","Male","12","Drug dependence","%",""
"HRA71C03","Psychiatric In-patients (%)","2010","2010","1","Male","13","Other drug disorders","%",""
"HRA71C03","Psychiatric In-patients (%)","2010","2010","1","Male","14","Mental handicap","%",""
"HRA71C03","Psychiatric In-patients (%)","2010","2010","1","Male","15","Eating disorders","%",""
"HRA71C03","Psychiatric In-patients (%)","2010","2010","1","Male","16","Intellectual disability","%",""
"HRA71C03","Psychiatric In-patients (%)","2010","2010","1","Male","17","Development disorders","%",""
"HRA71C03","Psychiatric In-patients (%)","2010","2010","1","Male","18","Behavioural, emotional disorders of childhood and adolescence","%",""
"HRA71C03","Psychiatric In-patients (%)","2010","2010","1","Male","19","Other and unspecified","%",""
"HRA71C03","Psychiatric In-patients (%)","2010","2010","1","Male","20","Unspecified","%",""
"HRA71C03","Psychiatric In-patients (%)","2010","2010","1","Male","21","All disorders","%",""
"HRA71C03","Psychiatric In-patients (%)","2010","2010","2","Female","01","Organic category","%",""
"HRA71C03","Psychiatric In-patients (%)","2010","2010","2","Female","02","Organic mental disorders","%",""
"HRA71C03","Psychiatric In-patients (%)","2010","2010","2","Female","03","Schizophrenia","%",""
"HRA71C03","Psychiatric In-patients (%)","2010","2010","2","Female","04","Schizophrenia, schizotypal and delusional disorders","%",""
"HRA71C03","Psychiatric In-patients (%)","2010","2010","2","Female","05","Other psychoses","%",""
"HRA71C03","Psychiatric In-patients (%)","2010","2010","2","Female","06","Depressive disorders","%",""
"HRA71C03","Psychiatric In-patients (%)","2010","2010","2","Female","07","Mania","%",""
"HRA71C03","Psychiatric In-patients (%)","2010","2010","2","Female","08","Neuroses","%",""
"HRA71C03","Psychiatric In-patients (%)","2010","2010","2","Female","09","Personality disorders","%",""
"HRA71C03","Psychiatric In-patients (%)","2010","2010","2","Female","10","Personality and behavioural disorders","%",""
"HRA71C03","Psychiatric In-patients (%)","2010","2010","2","Female","11","Alcoholic disorders","%",""
"HRA71C03","Psychiatric In-patients (%)","2010","2010","2","Female","12","Drug dependence","%",""
"HRA71C03","Psychiatric In-patients (%)","2010","2010","2","Female","13","Other drug disorders","%",""
"HRA71C03","Psychiatric In-patients (%)","2010","2010","2","Female","14","Mental handicap","%",""
"HRA71C03","Psychiatric In-patients (%)","2010","2010","2","Female","15","Eating disorders","%",""
"HRA71C03","Psychiatric In-patients (%)","2010","2010","2","Female","16","Intellectual disability","%",""
"HRA71C03","Psychiatric In-patients (%)","2010","2010","2","Female","17","Development disorders","%",""
"HRA71C03","Psychiatric In-patients (%)","2010","2010","2","Female","18","Behavioural, emotional disorders of childhood and adolescence","%",""
"HRA71C03","Psychiatric In-patients (%)","2010","2010","2","Female","19","Other and unspecified","%",""
"HRA71C03","Psychiatric In-patients (%)","2010","2010","2","Female","20","Unspecified","%",""
"HRA71C03","Psychiatric In-patients (%)","2010","2010","2","Female","21","All disorders","%",""
"HRA71C03","Psychiatric In-patients (%)","2013","2013","-","Both sexes","01","Organic category","%",""
"HRA71C03","Psychiatric In-patients (%)","2013","2013","-","Both sexes","02","Organic mental disorders","%","10.7"
"HRA71C03","Psychiatric In-patients (%)","2013","2013","-","Both sexes","03","Schizophrenia","%",""
"HRA71C03","Psychiatric In-patients (%)","2013","2013","-","Both sexes","04","Schizophrenia, schizotypal and delusional disorders","%","31.2"
"HRA71C03","Psychiatric In-patients (%)","2013","2013","-","Both sexes","05","Other psychoses","%",""
"HRA71C03","Psychiatric In-patients (%)","2013","2013","-","Both sexes","06","Depressive disorders","%","16.5"
"HRA71C03","Psychiatric In-patients (%)","2013","2013","-","Both sexes","07","Mania","%","8.2"
"HRA71C03","Psychiatric In-patients (%)","2013","2013","-","Both sexes","08","Neuroses","%","3.5"
"HRA71C03","Psychiatric In-patients (%)","2013","2013","-","Both sexes","09","Personality disorders","%",""
"HRA71C03","Psychiatric In-patients (%)","2013","2013","-","Both sexes","10","Personality and behavioural disorders","%","2.8"
"HRA71C03","Psychiatric In-patients (%)","2013","2013","-","Both sexes","11","Alcoholic disorders","%","3"
"HRA71C03","Psychiatric In-patients (%)","2013","2013","-","Both sexes","12","Drug dependence","%",""
"HRA71C03","Psychiatric In-patients (%)","2013","2013","-","Both sexes","13","Other drug disorders","%","1.1"
"HRA71C03","Psychiatric In-patients (%)","2013","2013","-","Both sexes","14","Mental handicap","%",""
"HRA71C03","Psychiatric In-patients (%)","2013","2013","-","Both sexes","15","Eating disorders","%","0.7"
"HRA71C03","Psychiatric In-patients (%)","2013","2013","-","Both sexes","16","Intellectual disability","%","6.7"
"HRA71C03","Psychiatric In-patients (%)","2013","2013","-","Both sexes","17","Development disorders","%","0.1"
"HRA71C03","Psychiatric In-patients (%)","2013","2013","-","Both sexes","18","Behavioural, emotional disorders of childhood and adolescence","%","0"
"HRA71C03","Psychiatric In-patients (%)","2013","2013","-","Both sexes","19","Other and unspecified","%","15"
"HRA71C03","Psychiatric In-patients (%)","2013","2013","-","Both sexes","20","Unspecified","%",""
"HRA71C03","Psychiatric In-patients (%)","2013","2013","-","Both sexes","21","All disorders","%","100"
"HRA71C03","Psychiatric In-patients (%)","2013","2013","1","Male","01","Organic category","%",""
"HRA71C03","Psychiatric In-patients (%)","2013","2013","1","Male","02","Organic mental disorders","%",""
"HRA71C03","Psychiatric In-patients (%)","2013","2013","1","Male","03","Schizophrenia","%",""
"HRA71C03","Psychiatric In-patients (%)","2013","2013","1","Male","04","Schizophrenia, schizotypal and delusional disorders","%",""
"HRA71C03","Psychiatric In-patients (%)","2013","2013","1","Male","05","Other psychoses","%",""
"HRA71C03","Psychiatric In-patients (%)","2013","2013","1","Male","06","Depressive disorders","%",""
"HRA71C03","Psychiatric In-patients (%)","2013","2013","1","Male","07","Mania","%",""
"HRA71C03","Psychiatric In-patients (%)","2013","2013","1","Male","08","Neuroses","%",""
"HRA71C03","Psychiatric In-patients (%)","2013","2013","1","Male","09","Personality disorders","%",""
"HRA71C03","Psychiatric In-patients (%)","2013","2013","1","Male","10","Personality and behavioural disorders","%",""
"HRA71C03","Psychiatric In-patients (%)","2013","2013","1","Male","11","Alcoholic disorders","%",""
"HRA71C03","Psychiatric In-patients (%)","2013","2013","1","Male","12","Drug dependence","%",""
"HRA71C03","Psychiatric In-patients (%)","2013","2013","1","Male","13","Other drug disorders","%",""
"HRA71C03","Psychiatric In-patients (%)","2013","2013","1","Male","14","Mental handicap","%",""
"HRA71C03","Psychiatric In-patients (%)","2013","2013","1","Male","15","Eating disorders","%",""
"HRA71C03","Psychiatric In-patients (%)","2013","2013","1","Male","16","Intellectual disability","%",""
"HRA71C03","Psychiatric In-patients (%)","2013","2013","1","Male","17","Development disorders","%",""
"HRA71C03","Psychiatric In-patients (%)","2013","2013","1","Male","18","Behavioural, emotional disorders of childhood and adolescence","%",""
"HRA71C03","Psychiatric In-patients (%)","2013","2013","1","Male","19","Other and unspecified","%",""
"HRA71C03","Psychiatric In-patients (%)","2013","2013","1","Male","20","Unspecified","%",""
"HRA71C03","Psychiatric In-patients (%)","2013","2013","1","Male","21","All disorders","%",""
"HRA71C03","Psychiatric In-patients (%)","2013","2013","2","Female","01","Organic category","%",""
"HRA71C03","Psychiatric In-patients (%)","2013","2013","2","Female","02","Organic mental disorders","%",""
"HRA71C03","Psychiatric In-patients (%)","2013","2013","2","Female","03","Schizophrenia","%",""
"HRA71C03","Psychiatric In-patients (%)","2013","2013","2","Female","04","Schizophrenia, schizotypal and delusional disorders","%",""
"HRA71C03","Psychiatric In-patients (%)","2013","2013","2","Female","05","Other psychoses","%",""
"HRA71C03","Psychiatric In-patients (%)","2013","2013","2","Female","06","Depressive disorders","%",""
"HRA71C03","Psychiatric In-patients (%)","2013","2013","2","Female","07","Mania","%",""
"HRA71C03","Psychiatric In-patients (%)","2013","2013","2","Female","08","Neuroses","%",""
"HRA71C03","Psychiatric In-patients (%)","2013","2013","2","Female","09","Personality disorders","%",""
"HRA71C03","Psychiatric In-patients (%)","2013","2013","2","Female","10","Personality and behavioural disorders","%",""
"HRA71C03","Psychiatric In-patients (%)","2013","2013","2","Female","11","Alcoholic disorders","%",""
"HRA71C03","Psychiatric In-patients (%)","2013","2013","2","Female","12","Drug dependence","%",""
"HRA71C03","Psychiatric In-patients (%)","2013","2013","2","Female","13","Other drug disorders","%",""
"HRA71C03","Psychiatric In-patients (%)","2013","2013","2","Female","14","Mental handicap","%",""
"HRA71C03","Psychiatric In-patients (%)","2013","2013","2","Female","15","Eating disorders","%",""
"HRA71C03","Psychiatric In-patients (%)","2013","2013","2","Female","16","Intellectual disability","%",""
"HRA71C03","Psychiatric In-patients (%)","2013","2013","2","Female","17","Development disorders","%",""
"HRA71C03","Psychiatric In-patients (%)","2013","2013","2","Female","18","Behavioural, emotional disorders of childhood and adolescence","%",""
"HRA71C03","Psychiatric In-patients (%)","2013","2013","2","Female","19","Other and unspecified","%",""
"HRA71C03","Psychiatric In-patients (%)","2013","2013","2","Female","20","Unspecified","%",""
"HRA71C03","Psychiatric In-patients (%)","2013","2013","2","Female","21","All disorders","%",""
"HRA71C03","Psychiatric In-patients (%)","2015","2015","-","Both sexes","01","Organic category","%",""
"HRA71C03","Psychiatric In-patients (%)","2015","2015","-","Both sexes","02","Organic mental disorders","%","12.3"
"HRA71C03","Psychiatric In-patients (%)","2015","2015","-","Both sexes","03","Schizophrenia","%",""
"HRA71C03","Psychiatric In-patients (%)","2015","2015","-","Both sexes","04","Schizophrenia, schizotypal and delusional disorders","%","31.8"
"HRA71C03","Psychiatric In-patients (%)","2015","2015","-","Both sexes","05","Other psychoses","%",""
"HRA71C03","Psychiatric In-patients (%)","2015","2015","-","Both sexes","06","Depressive disorders","%","15.1"
"HRA71C03","Psychiatric In-patients (%)","2015","2015","-","Both sexes","07","Mania","%","7.7"
"HRA71C03","Psychiatric In-patients (%)","2015","2015","-","Both sexes","08","Neuroses","%","3.5"
"HRA71C03","Psychiatric In-patients (%)","2015","2015","-","Both sexes","09","Personality disorders","%",""
"HRA71C03","Psychiatric In-patients (%)","2015","2015","-","Both sexes","10","Personality and behavioural disorders","%","3.2"
"HRA71C03","Psychiatric In-patients (%)","2015","2015","-","Both sexes","11","Alcoholic disorders","%","3.1"
"HRA71C03","Psychiatric In-patients (%)","2015","2015","-","Both sexes","12","Drug dependence","%",""
"HRA71C03","Psychiatric In-patients (%)","2015","2015","-","Both sexes","13","Other drug disorders","%","1.7"
"HRA71C03","Psychiatric In-patients (%)","2015","2015","-","Both sexes","14","Mental handicap","%",""
"HRA71C03","Psychiatric In-patients (%)","2015","2015","-","Both sexes","15","Eating disorders","%","0.5"
"HRA71C03","Psychiatric In-patients (%)","2015","2015","-","Both sexes","16","Intellectual disability","%","5.3"
"HRA71C03","Psychiatric In-patients (%)","2015","2015","-","Both sexes","17","Development disorders","%","0.4"
"HRA71C03","Psychiatric In-patients (%)","2015","2015","-","Both sexes","18","Behavioural, emotional disorders of childhood and adolescence","%","0.1"
"HRA71C03","Psychiatric In-patients (%)","2015","2015","-","Both sexes","19","Other and unspecified","%","14.8"
"HRA71C03","Psychiatric In-patients (%)","2015","2015","-","Both sexes","20","Unspecified","%",""
"HRA71C03","Psychiatric In-patients (%)","2015","2015","-","Both sexes","21","All disorders","%","100"
"HRA71C03","Psychiatric In-patients (%)","2015","2015","1","Male","01","Organic category","%",""
"HRA71C03","Psychiatric In-patients (%)","2015","2015","1","Male","02","Organic mental disorders","%",""
"HRA71C03","Psychiatric In-patients (%)","2015","2015","1","Male","03","Schizophrenia","%",""
"HRA71C03","Psychiatric In-patients (%)","2015","2015","1","Male","04","Schizophrenia, schizotypal and delusional disorders","%",""
"HRA71C03","Psychiatric In-patients (%)","2015","2015","1","Male","05","Other psychoses","%",""
"HRA71C03","Psychiatric In-patients (%)","2015","2015","1","Male","06","Depressive disorders","%",""
"HRA71C03","Psychiatric In-patients (%)","2015","2015","1","Male","07","Mania","%",""
"HRA71C03","Psychiatric In-patients (%)","2015","2015","1","Male","08","Neuroses","%",""
"HRA71C03","Psychiatric In-patients (%)","2015","2015","1","Male","09","Personality disorders","%",""
"HRA71C03","Psychiatric In-patients (%)","2015","2015","1","Male","10","Personality and behavioural disorders","%",""
"HRA71C03","Psychiatric In-patients (%)","2015","2015","1","Male","11","Alcoholic disorders","%",""
"HRA71C03","Psychiatric In-patients (%)","2015","2015","1","Male","12","Drug dependence","%",""
"HRA71C03","Psychiatric In-patients (%)","2015","2015","1","Male","13","Other drug disorders","%",""
"HRA71C03","Psychiatric In-patients (%)","2015","2015","1","Male","14","Mental handicap","%",""
"HRA71C03","Psychiatric In-patients (%)","2015","2015","1","Male","15","Eating disorders","%",""
"HRA71C03","Psychiatric In-patients (%)","2015","2015","1","Male","16","Intellectual disability","%",""
"HRA71C03","Psychiatric In-patients (%)","2015","2015","1","Male","17","Development disorders","%",""
"HRA71C03","Psychiatric In-patients (%)","2015","2015","1","Male","18","Behavioural, emotional disorders of childhood and adolescence","%",""
"HRA71C03","Psychiatric In-patients (%)","2015","2015","1","Male","19","Other and unspecified","%",""
"HRA71C03","Psychiatric In-patients (%)","2015","2015","1","Male","20","Unspecified","%",""
"HRA71C03","Psychiatric In-patients (%)","2015","2015","1","Male","21","All disorders","%",""
"HRA71C03","Psychiatric In-patients (%)","2015","2015","2","Female","01","Organic category","%",""
"HRA71C03","Psychiatric In-patients (%)","2015","2015","2","Female","02","Organic mental disorders","%",""
"HRA71C03","Psychiatric In-patients (%)","2015","2015","2","Female","03","Schizophrenia","%",""
"HRA71C03","Psychiatric In-patients (%)","2015","2015","2","Female","04","Schizophrenia, schizotypal and delusional disorders","%",""
"HRA71C03","Psychiatric In-patients (%)","2015","2015","2","Female","05","Other psychoses","%",""
"HRA71C03","Psychiatric In-patients (%)","2015","2015","2","Female","06","Depressive disorders","%",""
"HRA71C03","Psychiatric In-patients (%)","2015","2015","2","Female","07","Mania","%",""
"HRA71C03","Psychiatric In-patients (%)","2015","2015","2","Female","08","Neuroses","%",""
"HRA71C03","Psychiatric In-patients (%)","2015","2015","2","Female","09","Personality disorders","%",""
"HRA71C03","Psychiatric In-patients (%)","2015","2015","2","Female","10","Personality and behavioural disorders","%",""
"HRA71C03","Psychiatric In-patients (%)","2015","2015","2","Female","11","Alcoholic disorders","%",""
"HRA71C03","Psychiatric In-patients (%)","2015","2015","2","Female","12","Drug dependence","%",""
"HRA71C03","Psychiatric In-patients (%)","2015","2015","2","Female","13","Other drug disorders","%",""
"HRA71C03","Psychiatric In-patients (%)","2015","2015","2","Female","14","Mental handicap","%",""
"HRA71C03","Psychiatric In-patients (%)","2015","2015","2","Female","15","Eating disorders","%",""
"HRA71C03","Psychiatric In-patients (%)","2015","2015","2","Female","16","Intellectual disability","%",""
"HRA71C03","Psychiatric In-patients (%)","2015","2015","2","Female","17","Development disorders","%",""
"HRA71C03","Psychiatric In-patients (%)","2015","2015","2","Female","18","Behavioural, emotional disorders of childhood and adolescence","%",""
"HRA71C03","Psychiatric In-patients (%)","2015","2015","2","Female","19","Other and unspecified","%",""
"HRA71C03","Psychiatric In-patients (%)","2015","2015","2","Female","20","Unspecified","%",""
"HRA71C03","Psychiatric In-patients (%)","2015","2015","2","Female","21","All disorders","%",""
"HRA71C03","Psychiatric In-patients (%)","2016","2016","-","Both sexes","01","Organic category","%",""
"HRA71C03","Psychiatric In-patients (%)","2016","2016","-","Both sexes","02","Organic mental disorders","%","12.34"
"HRA71C03","Psychiatric In-patients (%)","2016","2016","-","Both sexes","03","Schizophrenia","%",""
"HRA71C03","Psychiatric In-patients (%)","2016","2016","-","Both sexes","04","Schizophrenia, schizotypal and delusional disorders","%","33.93"
"HRA71C03","Psychiatric In-patients (%)","2016","2016","-","Both sexes","05","Other psychoses","%",""
"HRA71C03","Psychiatric In-patients (%)","2016","2016","-","Both sexes","06","Depressive disorders","%","15.19"
"HRA71C03","Psychiatric In-patients (%)","2016","2016","-","Both sexes","07","Mania","%","8.56"
"HRA71C03","Psychiatric In-patients (%)","2016","2016","-","Both sexes","08","Neuroses","%","3.64"
"HRA71C03","Psychiatric In-patients (%)","2016","2016","-","Both sexes","09","Personality disorders","%",""
"HRA71C03","Psychiatric In-patients (%)","2016","2016","-","Both sexes","10","Personality and behavioural disorders","%","3.25"
"HRA71C03","Psychiatric In-patients (%)","2016","2016","-","Both sexes","11","Alcoholic disorders","%","2.68"
"HRA71C03","Psychiatric In-patients (%)","2016","2016","-","Both sexes","12","Drug dependence","%",""
"HRA71C03","Psychiatric In-patients (%)","2016","2016","-","Both sexes","13","Other drug disorders","%","1.62"
"HRA71C03","Psychiatric In-patients (%)","2016","2016","-","Both sexes","14","Mental handicap","%",""
"HRA71C03","Psychiatric In-patients (%)","2016","2016","-","Both sexes","15","Eating disorders","%","0.97"
"HRA71C03","Psychiatric In-patients (%)","2016","2016","-","Both sexes","16","Intellectual disability","%","5.36"
"HRA71C03","Psychiatric In-patients (%)","2016","2016","-","Both sexes","17","Development disorders","%","0.44"
"HRA71C03","Psychiatric In-patients (%)","2016","2016","-","Both sexes","18","Behavioural, emotional disorders of childhood and adolescence","%","0.04"
"HRA71C03","Psychiatric In-patients (%)","2016","2016","-","Both sexes","19","Other and unspecified","%","11.98"
"HRA71C03","Psychiatric In-patients (%)","2016","2016","-","Both sexes","20","Unspecified","%",""
"HRA71C03","Psychiatric In-patients (%)","2016","2016","-","Both sexes","21","All disorders","%","100"
"HRA71C03","Psychiatric In-patients (%)","2016","2016","1","Male","01","Organic category","%",""
"HRA71C03","Psychiatric In-patients (%)","2016","2016","1","Male","02","Organic mental disorders","%",""
"HRA71C03","Psychiatric In-patients (%)","2016","2016","1","Male","03","Schizophrenia","%",""
"HRA71C03","Psychiatric In-patients (%)","2016","2016","1","Male","04","Schizophrenia, schizotypal and delusional disorders","%",""
"HRA71C03","Psychiatric In-patients (%)","2016","2016","1","Male","05","Other psychoses","%",""
"HRA71C03","Psychiatric In-patients (%)","2016","2016","1","Male","06","Depressive disorders","%",""
"HRA71C03","Psychiatric In-patients (%)","2016","2016","1","Male","07","Mania","%",""
"HRA71C03","Psychiatric In-patients (%)","2016","2016","1","Male","08","Neuroses","%",""
"HRA71C03","Psychiatric In-patients (%)","2016","2016","1","Male","09","Personality disorders","%",""
"HRA71C03","Psychiatric In-patients (%)","2016","2016","1","Male","10","Personality and behavioural disorders","%",""
"HRA71C03","Psychiatric In-patients (%)","2016","2016","1","Male","11","Alcoholic disorders","%",""
"HRA71C03","Psychiatric In-patients (%)","2016","2016","1","Male","12","Drug dependence","%",""
"HRA71C03","Psychiatric In-patients (%)","2016","2016","1","Male","13","Other drug disorders","%",""
"HRA71C03","Psychiatric In-patients (%)","2016","2016","1","Male","14","Mental handicap","%",""
"HRA71C03","Psychiatric In-patients (%)","2016","2016","1","Male","15","Eating disorders","%",""
"HRA71C03","Psychiatric In-patients (%)","2016","2016","1","Male","16","Intellectual disability","%",""
"HRA71C03","Psychiatric In-patients (%)","2016","2016","1","Male","17","Development disorders","%",""
"HRA71C03","Psychiatric In-patients (%)","2016","2016","1","Male","18","Behavioural, emotional disorders of childhood and adolescence","%",""
"HRA71C03","Psychiatric In-patients (%)","2016","2016","1","Male","19","Other and unspecified","%",""
"HRA71C03","Psychiatric In-patients (%)","2016","2016","1","Male","20","Unspecified","%",""
"HRA71C03","Psychiatric In-patients (%)","2016","2016","1","Male","21","All disorders","%",""
"HRA71C03","Psychiatric In-patients (%)","2016","2016","2","Female","01","Organic category","%",""
"HRA71C03","Psychiatric In-patients (%)","2016","2016","2","Female","02","Organic mental disorders","%",""
"HRA71C03","Psychiatric In-patients (%)","2016","2016","2","Female","03","Schizophrenia","%",""
"HRA71C03","Psychiatric In-patients (%)","2016","2016","2","Female","04","Schizophrenia, schizotypal and delusional disorders","%",""
"HRA71C03","Psychiatric In-patients (%)","2016","2016","2","Female","05","Other psychoses","%",""
"HRA71C03","Psychiatric In-patients (%)","2016","2016","2","Female","06","Depressive disorders","%",""
"HRA71C03","Psychiatric In-patients (%)","2016","2016","2","Female","07","Mania","%",""
"HRA71C03","Psychiatric In-patients (%)","2016","2016","2","Female","08","Neuroses","%",""
"HRA71C03","Psychiatric In-patients (%)","2016","2016","2","Female","09","Personality disorders","%",""
"HRA71C03","Psychiatric In-patients (%)","2016","2016","2","Female","10","Personality and behavioural disorders","%",""
"HRA71C03","Psychiatric In-patients (%)","2016","2016","2","Female","11","Alcoholic disorders","%",""
"HRA71C03","Psychiatric In-patients (%)","2016","2016","2","Female","12","Drug dependence","%",""
"HRA71C03","Psychiatric In-patients (%)","2016","2016","2","Female","13","Other drug disorders","%",""
"HRA71C03","Psychiatric In-patients (%)","2016","2016","2","Female","14","Mental handicap","%",""
"HRA71C03","Psychiatric In-patients (%)","2016","2016","2","Female","15","Eating disorders","%",""
"HRA71C03","Psychiatric In-patients (%)","2016","2016","2","Female","16","Intellectual disability","%",""
"HRA71C03","Psychiatric In-patients (%)","2016","2016","2","Female","17","Development disorders","%",""
"HRA71C03","Psychiatric In-patients (%)","2016","2016","2","Female","18","Behavioural, emotional disorders of childhood and adolescence","%",""
"HRA71C03","Psychiatric In-patients (%)","2016","2016","2","Female","19","Other and unspecified","%",""
"HRA71C03","Psychiatric In-patients (%)","2016","2016","2","Female","20","Unspecified","%",""
"HRA71C03","Psychiatric In-patients (%)","2016","2016","2","Female","21","All disorders","%",""
"HRA71C03","Psychiatric In-patients (%)","2017","2017","-","Both sexes","01","Organic category","%",""
"HRA71C03","Psychiatric In-patients (%)","2017","2017","-","Both sexes","02","Organic mental disorders","%","11.75"
"HRA71C03","Psychiatric In-patients (%)","2017","2017","-","Both sexes","03","Schizophrenia","%",""
"HRA71C03","Psychiatric In-patients (%)","2017","2017","-","Both sexes","04","Schizophrenia, schizotypal and delusional disorders","%","33.05"
"HRA71C03","Psychiatric In-patients (%)","2017","2017","-","Both sexes","05","Other psychoses","%",""
"HRA71C03","Psychiatric In-patients (%)","2017","2017","-","Both sexes","06","Depressive disorders","%","13.34"
"HRA71C03","Psychiatric In-patients (%)","2017","2017","-","Both sexes","07","Mania","%","8.18"
"HRA71C03","Psychiatric In-patients (%)","2017","2017","-","Both sexes","08","Neuroses","%","3.14"
"HRA71C03","Psychiatric In-patients (%)","2017","2017","-","Both sexes","09","Personality disorders","%",""
"HRA71C03","Psychiatric In-patients (%)","2017","2017","-","Both sexes","10","Personality and behavioural disorders","%","3.79"
"HRA71C03","Psychiatric In-patients (%)","2017","2017","-","Both sexes","11","Alcoholic disorders","%","3.57"
"HRA71C03","Psychiatric In-patients (%)","2017","2017","-","Both sexes","12","Drug dependence","%",""
"HRA71C03","Psychiatric In-patients (%)","2017","2017","-","Both sexes","13","Other drug disorders","%","1.51"
"HRA71C03","Psychiatric In-patients (%)","2017","2017","-","Both sexes","14","Mental handicap","%",""
"HRA71C03","Psychiatric In-patients (%)","2017","2017","-","Both sexes","15","Eating disorders","%","0.52"
"HRA71C03","Psychiatric In-patients (%)","2017","2017","-","Both sexes","16","Intellectual disability","%","5.16"
"HRA71C03","Psychiatric In-patients (%)","2017","2017","-","Both sexes","17","Development disorders","%","0.47"
"HRA71C03","Psychiatric In-patients (%)","2017","2017","-","Both sexes","18","Behavioural, emotional disorders of childhood and adolescence","%","0.04"
"HRA71C03","Psychiatric In-patients (%)","2017","2017","-","Both sexes","19","Other and unspecified","%","15.49"
"HRA71C03","Psychiatric In-patients (%)","2017","2017","-","Both sexes","20","Unspecified","%",""
"HRA71C03","Psychiatric In-patients (%)","2017","2017","-","Both sexes","21","All disorders","%","100"
"HRA71C03","Psychiatric In-patients (%)","2017","2017","1","Male","01","Organic category","%",""
"HRA71C03","Psychiatric In-patients (%)","2017","2017","1","Male","02","Organic mental disorders","%",""
"HRA71C03","Psychiatric In-patients (%)","2017","2017","1","Male","03","Schizophrenia","%",""
"HRA71C03","Psychiatric In-patients (%)","2017","2017","1","Male","04","Schizophrenia, schizotypal and delusional disorders","%",""
"HRA71C03","Psychiatric In-patients (%)","2017","2017","1","Male","05","Other psychoses","%",""
"HRA71C03","Psychiatric In-patients (%)","2017","2017","1","Male","06","Depressive disorders","%",""
"HRA71C03","Psychiatric In-patients (%)","2017","2017","1","Male","07","Mania","%",""
"HRA71C03","Psychiatric In-patients (%)","2017","2017","1","Male","08","Neuroses","%",""
"HRA71C03","Psychiatric In-patients (%)","2017","2017","1","Male","09","Personality disorders","%",""
"HRA71C03","Psychiatric In-patients (%)","2017","2017","1","Male","10","Personality and behavioural disorders","%",""
"HRA71C03","Psychiatric In-patients (%)","2017","2017","1","Male","11","Alcoholic disorders","%",""
"HRA71C03","Psychiatric In-patients (%)","2017","2017","1","Male","12","Drug dependence","%",""
"HRA71C03","Psychiatric In-patients (%)","2017","2017","1","Male","13","Other drug disorders","%",""
"HRA71C03","Psychiatric In-patients (%)","2017","2017","1","Male","14","Mental handicap","%",""
"HRA71C03","Psychiatric In-patients (%)","2017","2017","1","Male","15","Eating disorders","%",""
"HRA71C03","Psychiatric In-patients (%)","2017","2017","1","Male","16","Intellectual disability","%",""
"HRA71C03","Psychiatric In-patients (%)","2017","2017","1","Male","17","Development disorders","%",""
"HRA71C03","Psychiatric In-patients (%)","2017","2017","1","Male","18","Behavioural, emotional disorders of childhood and adolescence","%",""
"HRA71C03","Psychiatric In-patients (%)","2017","2017","1","Male","19","Other and unspecified","%",""
"HRA71C03","Psychiatric In-patients (%)","2017","2017","1","Male","20","Unspecified","%",""
"HRA71C03","Psychiatric In-patients (%)","2017","2017","1","Male","21","All disorders","%",""
"HRA71C03","Psychiatric In-patients (%)","2017","2017","2","Female","01","Organic category","%",""
"HRA71C03","Psychiatric In-patients (%)","2017","2017","2","Female","02","Organic mental disorders","%",""
"HRA71C03","Psychiatric In-patients (%)","2017","2017","2","Female","03","Schizophrenia","%",""
"HRA71C03","Psychiatric In-patients (%)","2017","2017","2","Female","04","Schizophrenia, schizotypal and delusional disorders","%",""
"HRA71C03","Psychiatric In-patients (%)","2017","2017","2","Female","05","Other psychoses","%",""
"HRA71C03","Psychiatric In-patients (%)","2017","2017","2","Female","06","Depressive disorders","%",""
"HRA71C03","Psychiatric In-patients (%)","2017","2017","2","Female","07","Mania","%",""
"HRA71C03","Psychiatric In-patients (%)","2017","2017","2","Female","08","Neuroses","%",""
"HRA71C03","Psychiatric In-patients (%)","2017","2017","2","Female","09","Personality disorders","%",""
"HRA71C03","Psychiatric In-patients (%)","2017","2017","2","Female","10","Personality and behavioural disorders","%",""
"HRA71C03","Psychiatric In-patients (%)","2017","2017","2","Female","11","Alcoholic disorders","%",""
"HRA71C03","Psychiatric In-patients (%)","2017","2017","2","Female","12","Drug dependence","%",""
"HRA71C03","Psychiatric In-patients (%)","2017","2017","2","Female","13","Other drug disorders","%",""
"HRA71C03","Psychiatric In-patients (%)","2017","2017","2","Female","14","Mental handicap","%",""
"HRA71C03","Psychiatric In-patients (%)","2017","2017","2","Female","15","Eating disorders","%",""
"HRA71C03","Psychiatric In-patients (%)","2017","2017","2","Female","16","Intellectual disability","%",""
"HRA71C03","Psychiatric In-patients (%)","2017","2017","2","Female","17","Development disorders","%",""
"HRA71C03","Psychiatric In-patients (%)","2017","2017","2","Female","18","Behavioural, emotional disorders of childhood and adolescence","%",""
"HRA71C03","Psychiatric In-patients (%)","2017","2017","2","Female","19","Other and unspecified","%",""
"HRA71C03","Psychiatric In-patients (%)","2017","2017","2","Female","20","Unspecified","%",""
"HRA71C03","Psychiatric In-patients (%)","2017","2017","2","Female","21","All disorders","%",""
"HRA71C03","Psychiatric In-patients (%)","2018","2018","-","Both sexes","01","Organic category","%",""
"HRA71C03","Psychiatric In-patients (%)","2018","2018","-","Both sexes","02","Organic mental disorders","%","10.91"
"HRA71C03","Psychiatric In-patients (%)","2018","2018","-","Both sexes","03","Schizophrenia","%",""
"HRA71C03","Psychiatric In-patients (%)","2018","2018","-","Both sexes","04","Schizophrenia, schizotypal and delusional disorders","%","33.66"
"HRA71C03","Psychiatric In-patients (%)","2018","2018","-","Both sexes","05","Other psychoses","%",""
"HRA71C03","Psychiatric In-patients (%)","2018","2018","-","Both sexes","06","Depressive disorders","%","14.35"
"HRA71C03","Psychiatric In-patients (%)","2018","2018","-","Both sexes","07","Mania","%","6.92"
"HRA71C03","Psychiatric In-patients (%)","2018","2018","-","Both sexes","08","Neuroses","%","3.95"
"HRA71C03","Psychiatric In-patients (%)","2018","2018","-","Both sexes","09","Personality disorders","%",""
"HRA71C03","Psychiatric In-patients (%)","2018","2018","-","Both sexes","10","Personality and behavioural disorders","%","3.44"
"HRA71C03","Psychiatric In-patients (%)","2018","2018","-","Both sexes","11","Alcoholic disorders","%","3.14"
"HRA71C03","Psychiatric In-patients (%)","2018","2018","-","Both sexes","12","Drug dependence","%",""
"HRA71C03","Psychiatric In-patients (%)","2018","2018","-","Both sexes","13","Other drug disorders","%","1.91"
"HRA71C03","Psychiatric In-patients (%)","2018","2018","-","Both sexes","14","Mental handicap","%",""
"HRA71C03","Psychiatric In-patients (%)","2018","2018","-","Both sexes","15","Eating disorders","%","0.85"
"HRA71C03","Psychiatric In-patients (%)","2018","2018","-","Both sexes","16","Intellectual disability","%","4.54"
"HRA71C03","Psychiatric In-patients (%)","2018","2018","-","Both sexes","17","Development disorders","%","0.51"
"HRA71C03","Psychiatric In-patients (%)","2018","2018","-","Both sexes","18","Behavioural, emotional disorders of childhood and adolescence","%","0"
"HRA71C03","Psychiatric In-patients (%)","2018","2018","-","Both sexes","19","Other and unspecified","%","15.83"
"HRA71C03","Psychiatric In-patients (%)","2018","2018","-","Both sexes","20","Unspecified","%",""
"HRA71C03","Psychiatric In-patients (%)","2018","2018","-","Both sexes","21","All disorders","%","100"
"HRA71C03","Psychiatric In-patients (%)","2018","2018","1","Male","01","Organic category","%",""
"HRA71C03","Psychiatric In-patients (%)","2018","2018","1","Male","02","Organic mental disorders","%",""
"HRA71C03","Psychiatric In-patients (%)","2018","2018","1","Male","03","Schizophrenia","%",""
"HRA71C03","Psychiatric In-patients (%)","2018","2018","1","Male","04","Schizophrenia, schizotypal and delusional disorders","%",""
"HRA71C03","Psychiatric In-patients (%)","2018","2018","1","Male","05","Other psychoses","%",""
"HRA71C03","Psychiatric In-patients (%)","2018","2018","1","Male","06","Depressive disorders","%",""
"HRA71C03","Psychiatric In-patients (%)","2018","2018","1","Male","07","Mania","%",""
"HRA71C03","Psychiatric In-patients (%)","2018","2018","1","Male","08","Neuroses","%",""
"HRA71C03","Psychiatric In-patients (%)","2018","2018","1","Male","09","Personality disorders","%",""
"HRA71C03","Psychiatric In-patients (%)","2018","2018","1","Male","10","Personality and behavioural disorders","%",""
"HRA71C03","Psychiatric In-patients (%)","2018","2018","1","Male","11","Alcoholic disorders","%",""
"HRA71C03","Psychiatric In-patients (%)","2018","2018","1","Male","12","Drug dependence","%",""
"HRA71C03","Psychiatric In-patients (%)","2018","2018","1","Male","13","Other drug disorders","%",""
"HRA71C03","Psychiatric In-patients (%)","2018","2018","1","Male","14","Mental handicap","%",""
"HRA71C03","Psychiatric In-patients (%)","2018","2018","1","Male","15","Eating disorders","%",""
"HRA71C03","Psychiatric In-patients (%)","2018","2018","1","Male","16","Intellectual disability","%",""
"HRA71C03","Psychiatric In-patients (%)","2018","2018","1","Male","17","Development disorders","%",""
"HRA71C03","Psychiatric In-patients (%)","2018","2018","1","Male","18","Behavioural, emotional disorders of childhood and adolescence","%",""
"HRA71C03","Psychiatric In-patients (%)","2018","2018","1","Male","19","Other and unspecified","%",""
"HRA71C03","Psychiatric In-patients (%)","2018","2018","1","Male","20","Unspecified","%",""
"HRA71C03","Psychiatric In-patients (%)","2018","2018","1","Male","21","All disorders","%",""
"HRA71C03","Psychiatric In-patients (%)","2018","2018","2","Female","01","Organic category","%",""
"HRA71C03","Psychiatric In-patients (%)","2018","2018","2","Female","02","Organic mental disorders","%",""
"HRA71C03","Psychiatric In-patients (%)","2018","2018","2","Female","03","Schizophrenia","%",""
"HRA71C03","Psychiatric In-patients (%)","2018","2018","2","Female","04","Schizophrenia, schizotypal and delusional disorders","%",""
"HRA71C03","Psychiatric In-patients (%)","2018","2018","2","Female","05","Other psychoses","%",""
"HRA71C03","Psychiatric In-patients (%)","2018","2018","2","Female","06","Depressive disorders","%",""
"HRA71C03","Psychiatric In-patients (%)","2018","2018","2","Female","07","Mania","%",""
"HRA71C03","Psychiatric In-patients (%)","2018","2018","2","Female","08","Neuroses","%",""
"HRA71C03","Psychiatric In-patients (%)","2018","2018","2","Female","09","Personality disorders","%",""
"HRA71C03","Psychiatric In-patients (%)","2018","2018","2","Female","10","Personality and behavioural disorders","%",""
"HRA71C03","Psychiatric In-patients (%)","2018","2018","2","Female","11","Alcoholic disorders","%",""
"HRA71C03","Psychiatric In-patients (%)","2018","2018","2","Female","12","Drug dependence","%",""
"HRA71C03","Psychiatric In-patients (%)","2018","2018","2","Female","13","Other drug disorders","%",""
"HRA71C03","Psychiatric In-patients (%)","2018","2018","2","Female","14","Mental handicap","%",""
"HRA71C03","Psychiatric In-patients (%)","2018","2018","2","Female","15","Eating disorders","%",""
"HRA71C03","Psychiatric In-patients (%)","2018","2018","2","Female","16","Intellectual disability","%",""
"HRA71C03","Psychiatric In-patients (%)","2018","2018","2","Female","17","Development disorders","%",""
"HRA71C03","Psychiatric In-patients (%)","2018","2018","2","Female","18","Behavioural, emotional disorders of childhood and adolescence","%",""
"HRA71C03","Psychiatric In-patients (%)","2018","2018","2","Female","19","Other and unspecified","%",""
"HRA71C03","Psychiatric In-patients (%)","2018","2018","2","Female","20","Unspecified","%",""
"HRA71C03","Psychiatric In-patients (%)","2018","2018","2","Female","21","All disorders","%",""
"HRA71C03","Psychiatric In-patients (%)","2019","2019","-","Both sexes","01","Organic category","%",""
"HRA71C03","Psychiatric In-patients (%)","2019","2019","-","Both sexes","02","Organic mental disorders","%","9.05"
"HRA71C03","Psychiatric In-patients (%)","2019","2019","-","Both sexes","03","Schizophrenia","%",""
"HRA71C03","Psychiatric In-patients (%)","2019","2019","-","Both sexes","04","Schizophrenia, schizotypal and delusional disorders","%","37.08"
"HRA71C03","Psychiatric In-patients (%)","2019","2019","-","Both sexes","05","Other psychoses","%",""
"HRA71C03","Psychiatric In-patients (%)","2019","2019","-","Both sexes","06","Depressive disorders","%","13.92"
"HRA71C03","Psychiatric In-patients (%)","2019","2019","-","Both sexes","07","Mania","%","7.83"
"HRA71C03","Psychiatric In-patients (%)","2019","2019","-","Both sexes","08","Neuroses","%","4.73"
"HRA71C03","Psychiatric In-patients (%)","2019","2019","-","Both sexes","09","Personality disorders","%",""
"HRA71C03","Psychiatric In-patients (%)","2019","2019","-","Both sexes","10","Personality and behavioural disorders","%","3.96"
"HRA71C03","Psychiatric In-patients (%)","2019","2019","-","Both sexes","11","Alcoholic disorders","%","3"
"HRA71C03","Psychiatric In-patients (%)","2019","2019","-","Both sexes","12","Drug dependence","%",""
"HRA71C03","Psychiatric In-patients (%)","2019","2019","-","Both sexes","13","Other drug disorders","%","2.05"
"HRA71C03","Psychiatric In-patients (%)","2019","2019","-","Both sexes","14","Mental handicap","%",""
"HRA71C03","Psychiatric In-patients (%)","2019","2019","-","Both sexes","15","Eating disorders","%","0.68"
"HRA71C03","Psychiatric In-patients (%)","2019","2019","-","Both sexes","16","Intellectual disability","%","4.28"
"HRA71C03","Psychiatric In-patients (%)","2019","2019","-","Both sexes","17","Development disorders","%","0.5"
"HRA71C03","Psychiatric In-patients (%)","2019","2019","-","Both sexes","18","Behavioural, emotional disorders of childhood and adolescence","%","0.05"
"HRA71C03","Psychiatric In-patients (%)","2019","2019","-","Both sexes","19","Other and unspecified","%","12.88"
"HRA71C03","Psychiatric In-patients (%)","2019","2019","-","Both sexes","20","Unspecified","%",""
"HRA71C03","Psychiatric In-patients (%)","2019","2019","-","Both sexes","21","All disorders","%","100"
"HRA71C03","Psychiatric In-patients (%)","2019","2019","1","Male","01","Organic category","%",""
"HRA71C03","Psychiatric In-patients (%)","2019","2019","1","Male","02","Organic mental disorders","%",""
"HRA71C03","Psychiatric In-patients (%)","2019","2019","1","Male","03","Schizophrenia","%",""
"HRA71C03","Psychiatric In-patients (%)","2019","2019","1","Male","04","Schizophrenia, schizotypal and delusional disorders","%",""
"HRA71C03","Psychiatric In-patients (%)","2019","2019","1","Male","05","Other psychoses","%",""
"HRA71C03","Psychiatric In-patients (%)","2019","2019","1","Male","06","Depressive disorders","%",""
"HRA71C03","Psychiatric In-patients (%)","2019","2019","1","Male","07","Mania","%",""
"HRA71C03","Psychiatric In-patients (%)","2019","2019","1","Male","08","Neuroses","%",""
"HRA71C03","Psychiatric In-patients (%)","2019","2019","1","Male","09","Personality disorders","%",""
"HRA71C03","Psychiatric In-patients (%)","2019","2019","1","Male","10","Personality and behavioural disorders","%",""
"HRA71C03","Psychiatric In-patients (%)","2019","2019","1","Male","11","Alcoholic disorders","%",""
"HRA71C03","Psychiatric In-patients (%)","2019","2019","1","Male","12","Drug dependence","%",""
"HRA71C03","Psychiatric In-patients (%)","2019","2019","1","Male","13","Other drug disorders","%",""
"HRA71C03","Psychiatric In-patients (%)","2019","2019","1","Male","14","Mental handicap","%",""
"HRA71C03","Psychiatric In-patients (%)","2019","2019","1","Male","15","Eating disorders","%",""
"HRA71C03","Psychiatric In-patients (%)","2019","2019","1","Male","16","Intellectual disability","%",""
"HRA71C03","Psychiatric In-patients (%)","2019","2019","1","Male","17","Development disorders","%",""
"HRA71C03","Psychiatric In-patients (%)","2019","2019","1","Male","18","Behavioural, emotional disorders of childhood and adolescence","%",""
"HRA71C03","Psychiatric In-patients (%)","2019","2019","1","Male","19","Other and unspecified","%",""
"HRA71C03","Psychiatric In-patients (%)","2019","2019","1","Male","20","Unspecified","%",""
"HRA71C03","Psychiatric In-patients (%)","2019","2019","1","Male","21","All disorders","%",""
"HRA71C03","Psychiatric In-patients (%)","2019","2019","2","Female","01","Organic category","%",""
"HRA71C03","Psychiatric In-patients (%)","2019","2019","2","Female","02","Organic mental disorders","%",""
"HRA71C03","Psychiatric In-patients (%)","2019","2019","2","Female","03","Schizophrenia","%",""
"HRA71C03","Psychiatric In-patients (%)","2019","2019","2","Female","04","Schizophrenia, schizotypal and delusional disorders","%",""
"HRA71C03","Psychiatric In-patients (%)","2019","2019","2","Female","05","Other psychoses","%",""
"HRA71C03","Psychiatric In-patients (%)","2019","2019","2","Female","06","Depressive disorders","%",""
"HRA71C03","Psychiatric In-patients (%)","2019","2019","2","Female","07","Mania","%",""
"HRA71C03","Psychiatric In-patients (%)","2019","2019","2","Female","08","Neuroses","%",""
"HRA71C03","Psychiatric In-patients (%)","2019","2019","2","Female","09","Personality disorders","%",""
"HRA71C03","Psychiatric In-patients (%)","2019","2019","2","Female","10","Personality and behavioural disorders","%",""
"HRA71C03","Psychiatric In-patients (%)","2019","2019","2","Female","11","Alcoholic disorders","%",""
"HRA71C03","Psychiatric In-patients (%)","2019","2019","2","Female","12","Drug dependence","%",""
"HRA71C03","Psychiatric In-patients (%)","2019","2019","2","Female","13","Other drug disorders","%",""
"HRA71C03","Psychiatric In-patients (%)","2019","2019","2","Female","14","Mental handicap","%",""
"HRA71C03","Psychiatric In-patients (%)","2019","2019","2","Female","15","Eating disorders","%",""
"HRA71C03","Psychiatric In-patients (%)","2019","2019","2","Female","16","Intellectual disability","%",""
"HRA71C03","Psychiatric In-patients (%)","2019","2019","2","Female","17","Development disorders","%",""
"HRA71C03","Psychiatric In-patients (%)","2019","2019","2","Female","18","Behavioural, emotional disorders of childhood and adolescence","%",""
"HRA71C03","Psychiatric In-patients (%)","2019","2019","2","Female","19","Other and unspecified","%",""
"HRA71C03","Psychiatric In-patients (%)","2019","2019","2","Female","20","Unspecified","%",""
"HRA71C03","Psychiatric In-patients (%)","2019","2019","2","Female","21","All disorders","%",""
"HRA71C03","Psychiatric In-patients (%)","2020","2020","-","Both sexes","01","Organic category","%",""
"HRA71C03","Psychiatric In-patients (%)","2020","2020","-","Both sexes","02","Organic mental disorders","%","9.91"
"HRA71C03","Psychiatric In-patients (%)","2020","2020","-","Both sexes","03","Schizophrenia","%",""
"HRA71C03","Psychiatric In-patients (%)","2020","2020","-","Both sexes","04","Schizophrenia, schizotypal and delusional disorders","%","37.35"
"HRA71C03","Psychiatric In-patients (%)","2020","2020","-","Both sexes","05","Other psychoses","%",""
"HRA71C03","Psychiatric In-patients (%)","2020","2020","-","Both sexes","06","Depressive disorders","%","12.76"
"HRA71C03","Psychiatric In-patients (%)","2020","2020","-","Both sexes","07","Mania","%","7.39"
"HRA71C03","Psychiatric In-patients (%)","2020","2020","-","Both sexes","08","Neuroses","%","4.16"
"HRA71C03","Psychiatric In-patients (%)","2020","2020","-","Both sexes","09","Personality disorders","%",""
"HRA71C03","Psychiatric In-patients (%)","2020","2020","-","Both sexes","10","Personality and behavioural disorders","%","4"
"HRA71C03","Psychiatric In-patients (%)","2020","2020","-","Both sexes","11","Alcoholic disorders","%","2.85"
"HRA71C03","Psychiatric In-patients (%)","2020","2020","-","Both sexes","12","Drug dependence","%",""
"HRA71C03","Psychiatric In-patients (%)","2020","2020","-","Both sexes","13","Other drug disorders","%","1.7"
"HRA71C03","Psychiatric In-patients (%)","2020","2020","-","Both sexes","14","Mental handicap","%",""
"HRA71C03","Psychiatric In-patients (%)","2020","2020","-","Both sexes","15","Eating disorders","%","1.26"
"HRA71C03","Psychiatric In-patients (%)","2020","2020","-","Both sexes","16","Intellectual disability","%","4.65"
"HRA71C03","Psychiatric In-patients (%)","2020","2020","-","Both sexes","17","Development disorders","%","0.55"
"HRA71C03","Psychiatric In-patients (%)","2020","2020","-","Both sexes","18","Behavioural, emotional disorders of childhood and adolescence","%","0.05"
"HRA71C03","Psychiatric In-patients (%)","2020","2020","-","Both sexes","19","Other and unspecified","%","13.36"
"HRA71C03","Psychiatric In-patients (%)","2020","2020","-","Both sexes","20","Unspecified","%",""
"HRA71C03","Psychiatric In-patients (%)","2020","2020","-","Both sexes","21","All disorders","%","100"
"HRA71C03","Psychiatric In-patients (%)","2020","2020","1","Male","01","Organic category","%",""
"HRA71C03","Psychiatric In-patients (%)","2020","2020","1","Male","02","Organic mental disorders","%",""
"HRA71C03","Psychiatric In-patients (%)","2020","2020","1","Male","03","Schizophrenia","%",""
"HRA71C03","Psychiatric In-patients (%)","2020","2020","1","Male","04","Schizophrenia, schizotypal and delusional disorders","%",""
"HRA71C03","Psychiatric In-patients (%)","2020","2020","1","Male","05","Other psychoses","%",""
"HRA71C03","Psychiatric In-patients (%)","2020","2020","1","Male","06","Depressive disorders","%",""
"HRA71C03","Psychiatric In-patients (%)","2020","2020","1","Male","07","Mania","%",""
"HRA71C03","Psychiatric In-patients (%)","2020","2020","1","Male","08","Neuroses","%",""
"HRA71C03","Psychiatric In-patients (%)","2020","2020","1","Male","09","Personality disorders","%",""
"HRA71C03","Psychiatric In-patients (%)","2020","2020","1","Male","10","Personality and behavioural disorders","%",""
"HRA71C03","Psychiatric In-patients (%)","2020","2020","1","Male","11","Alcoholic disorders","%",""
"HRA71C03","Psychiatric In-patients (%)","2020","2020","1","Male","12","Drug dependence","%",""
"HRA71C03","Psychiatric In-patients (%)","2020","2020","1","Male","13","Other drug disorders","%",""
"HRA71C03","Psychiatric In-patients (%)","2020","2020","1","Male","14","Mental handicap","%",""
"HRA71C03","Psychiatric In-patients (%)","2020","2020","1","Male","15","Eating disorders","%",""
"HRA71C03","Psychiatric In-patients (%)","2020","2020","1","Male","16","Intellectual disability","%",""
"HRA71C03","Psychiatric In-patients (%)","2020","2020","1","Male","17","Development disorders","%",""
"HRA71C03","Psychiatric In-patients (%)","2020","2020","1","Male","18","Behavioural, emotional disorders of childhood and adolescence","%",""
"HRA71C03","Psychiatric In-patients (%)","2020","2020","1","Male","19","Other and unspecified","%",""
"HRA71C03","Psychiatric In-patients (%)","2020","2020","1","Male","20","Unspecified","%",""
"HRA71C03","Psychiatric In-patients (%)","2020","2020","1","Male","21","All disorders","%",""
"HRA71C03","Psychiatric In-patients (%)","2020","2020","2","Female","01","Organic category","%",""
"HRA71C03","Psychiatric In-patients (%)","2020","2020","2","Female","02","Organic mental disorders","%",""
"HRA71C03","Psychiatric In-patients (%)","2020","2020","2","Female","03","Schizophrenia","%",""
"HRA71C03","Psychiatric In-patients (%)","2020","2020","2","Female","04","Schizophrenia, schizotypal and delusional disorders","%",""
"HRA71C03","Psychiatric In-patients (%)","2020","2020","2","Female","05","Other psychoses","%",""
"HRA71C03","Psychiatric In-patients (%)","2020","2020","2","Female","06","Depressive disorders","%",""
"HRA71C03","Psychiatric In-patients (%)","2020","2020","2","Female","07","Mania","%",""
"HRA71C03","Psychiatric In-patients (%)","2020","2020","2","Female","08","Neuroses","%",""
"HRA71C03","Psychiatric In-patients (%)","2020","2020","2","Female","09","Personality disorders","%",""
"HRA71C03","Psychiatric In-patients (%)","2020","2020","2","Female","10","Personality and behavioural disorders","%",""
"HRA71C03","Psychiatric In-patients (%)","2020","2020","2","Female","11","Alcoholic disorders","%",""
"HRA71C03","Psychiatric In-patients (%)","2020","2020","2","Female","12","Drug dependence","%",""
"HRA71C03","Psychiatric In-patients (%)","2020","2020","2","Female","13","Other drug disorders","%",""
"HRA71C03","Psychiatric In-patients (%)","2020","2020","2","Female","14","Mental handicap","%",""
"HRA71C03","Psychiatric In-patients (%)","2020","2020","2","Female","15","Eating disorders","%",""
"HRA71C03","Psychiatric In-patients (%)","2020","2020","2","Female","16","Intellectual disability","%",""
"HRA71C03","Psychiatric In-patients (%)","2020","2020","2","Female","17","Development disorders","%",""
"HRA71C03","Psychiatric In-patients (%)","2020","2020","2","Female","18","Behavioural, emotional disorders of childhood and adolescence","%",""
"HRA71C03","Psychiatric In-patients (%)","2020","2020","2","Female","19","Other and unspecified","%",""
"HRA71C03","Psychiatric In-patients (%)","2020","2020","2","Female","20","Unspecified","%",""
"HRA71C03","Psychiatric In-patients (%)","2020","2020","2","Female","21","All disorders","%",""
"HRA71C03","Psychiatric In-patients (%)","2021","2021","-","Both sexes","01","Organic category","%",""
"HRA71C03","Psychiatric In-patients (%)","2021","2021","-","Both sexes","02","Organic mental disorders","%","7.96"
"HRA71C03","Psychiatric In-patients (%)","2021","2021","-","Both sexes","03","Schizophrenia","%",""
"HRA71C03","Psychiatric In-patients (%)","2021","2021","-","Both sexes","04","Schizophrenia, schizotypal and delusional disorders","%","38.11"
"HRA71C03","Psychiatric In-patients (%)","2021","2021","-","Both sexes","05","Other psychoses","%",""
"HRA71C03","Psychiatric In-patients (%)","2021","2021","-","Both sexes","06","Depressive disorders","%","13.36"
"HRA71C03","Psychiatric In-patients (%)","2021","2021","-","Both sexes","07","Mania","%","8.02"
"HRA71C03","Psychiatric In-patients (%)","2021","2021","-","Both sexes","08","Neuroses","%","5.02"
"HRA71C03","Psychiatric In-patients (%)","2021","2021","-","Both sexes","09","Personality disorders","%",""
"HRA71C03","Psychiatric In-patients (%)","2021","2021","-","Both sexes","10","Personality and behavioural disorders","%","3.37"
"HRA71C03","Psychiatric In-patients (%)","2021","2021","-","Both sexes","11","Alcoholic disorders","%","3.15"
"HRA71C03","Psychiatric In-patients (%)","2021","2021","-","Both sexes","12","Drug dependence","%",""
"HRA71C03","Psychiatric In-patients (%)","2021","2021","-","Both sexes","13","Other drug disorders","%","1.76"
"HRA71C03","Psychiatric In-patients (%)","2021","2021","-","Both sexes","14","Mental handicap","%",""
"HRA71C03","Psychiatric In-patients (%)","2021","2021","-","Both sexes","15","Eating disorders","%","1.44"
"HRA71C03","Psychiatric In-patients (%)","2021","2021","-","Both sexes","16","Intellectual disability","%","3.9"
"HRA71C03","Psychiatric In-patients (%)","2021","2021","-","Both sexes","17","Development disorders","%","0.53"
"HRA71C03","Psychiatric In-patients (%)","2021","2021","-","Both sexes","18","Behavioural, emotional disorders of childhood and adolescence","%","0.05"
"HRA71C03","Psychiatric In-patients (%)","2021","2021","-","Both sexes","19","Other and unspecified","%","13.31"
"HRA71C03","Psychiatric In-patients (%)","2021","2021","-","Both sexes","20","Unspecified","%",""
"HRA71C03","Psychiatric In-patients (%)","2021","2021","-","Both sexes","21","All disorders","%","100"
"HRA71C03","Psychiatric In-patients (%)","2021","2021","1","Male","01","Organic category","%",""
"HRA71C03","Psychiatric In-patients (%)","2021","2021","1","Male","02","Organic mental disorders","%",""
"HRA71C03","Psychiatric In-patients (%)","2021","2021","1","Male","03","Schizophrenia","%",""
"HRA71C03","Psychiatric In-patients (%)","2021","2021","1","Male","04","Schizophrenia, schizotypal and delusional disorders","%",""
"HRA71C03","Psychiatric In-patients (%)","2021","2021","1","Male","05","Other psychoses","%",""
"HRA71C03","Psychiatric In-patients (%)","2021","2021","1","Male","06","Depressive disorders","%",""
"HRA71C03","Psychiatric In-patients (%)","2021","2021","1","Male","07","Mania","%",""
"HRA71C03","Psychiatric In-patients (%)","2021","2021","1","Male","08","Neuroses","%",""
"HRA71C03","Psychiatric In-patients (%)","2021","2021","1","Male","09","Personality disorders","%",""
"HRA71C03","Psychiatric In-patients (%)","2021","2021","1","Male","10","Personality and behavioural disorders","%",""
"HRA71C03","Psychiatric In-patients (%)","2021","2021","1","Male","11","Alcoholic disorders","%",""
"HRA71C03","Psychiatric In-patients (%)","2021","2021","1","Male","12","Drug dependence","%",""
"HRA71C03","Psychiatric In-patients (%)","2021","2021","1","Male","13","Other drug disorders","%",""
"HRA71C03","Psychiatric In-patients (%)","2021","2021","1","Male","14","Mental handicap","%",""
"HRA71C03","Psychiatric In-patients (%)","2021","2021","1","Male","15","Eating disorders","%",""
"HRA71C03","Psychiatric In-patients (%)","2021","2021","1","Male","16","Intellectual disability","%",""
"HRA71C03","Psychiatric In-patients (%)","2021","2021","1","Male","17","Development disorders","%",""
"HRA71C03","Psychiatric In-patients (%)","2021","2021","1","Male","18","Behavioural, emotional disorders of childhood and adolescence","%",""
"HRA71C03","Psychiatric In-patients (%)","2021","2021","1","Male","19","Other and unspecified","%",""
"HRA71C03","Psychiatric In-patients (%)","2021","2021","1","Male","20","Unspecified","%",""
"HRA71C03","Psychiatric In-patients (%)","2021","2021","1","Male","21","All disorders","%",""
"HRA71C03","Psychiatric In-patients (%)","2021","2021","2","Female","01","Organic category","%",""
"HRA71C03","Psychiatric In-patients (%)","2021","2021","2","Female","02","Organic mental disorders","%",""
"HRA71C03","Psychiatric In-patients (%)","2021","2021","2","Female","03","Schizophrenia","%",""
"HRA71C03","Psychiatric In-patients (%)","2021","2021","2","Female","04","Schizophrenia, schizotypal and delusional disorders","%",""
"HRA71C03","Psychiatric In-patients (%)","2021","2021","2","Female","05","Other psychoses","%",""
"HRA71C03","Psychiatric In-patients (%)","2021","2021","2","Female","06","Depressive disorders","%",""
"HRA71C03","Psychiatric In-patients (%)","2021","2021","2","Female","07","Mania","%",""
"HRA71C03","Psychiatric In-patients (%)","2021","2021","2","Female","08","Neuroses","%",""
"HRA71C03","Psychiatric In-patients (%)","2021","2021","2","Female","09","Personality disorders","%",""
"HRA71C03","Psychiatric In-patients (%)","2021","2021","2","Female","10","Personality and behavioural disorders","%",""
"HRA71C03","Psychiatric In-patients (%)","2021","2021","2","Female","11","Alcoholic disorders","%",""
"HRA71C03","Psychiatric In-patients (%)","2021","2021","2","Female","12","Drug dependence","%",""
"HRA71C03","Psychiatric In-patients (%)","2021","2021","2","Female","13","Other drug disorders","%",""
"HRA71C03","Psychiatric In-patients (%)","2021","2021","2","Female","14","Mental handicap","%",""
"HRA71C03","Psychiatric In-patients (%)","2021","2021","2","Female","15","Eating disorders","%",""
"HRA71C03","Psychiatric In-patients (%)","2021","2021","2","Female","16","Intellectual disability","%",""
"HRA71C03","Psychiatric In-patients (%)","2021","2021","2","Female","17","Development disorders","%",""
"HRA71C03","Psychiatric In-patients (%)","2021","2021","2","Female","18","Behavioural, emotional disorders of childhood and adolescence","%",""
"HRA71C03","Psychiatric In-patients (%)","2021","2021","2","Female","19","Other and unspecified","%",""
"HRA71C03","Psychiatric In-patients (%)","2021","2021","2","Female","20","Unspecified","%",""
"HRA71C03","Psychiatric In-patients (%)","2021","2021","2","Female","21","All disorders","%",""
"HRA71C03","Psychiatric In-patients (%)","2022","2022","-","Both sexes","01","Organic category","%",""
"HRA71C03","Psychiatric In-patients (%)","2022","2022","-","Both sexes","02","Organic mental disorders","%","7.4"
"HRA71C03","Psychiatric In-patients (%)","2022","2022","-","Both sexes","03","Schizophrenia","%",""
"HRA71C03","Psychiatric In-patients (%)","2022","2022","-","Both sexes","04","Schizophrenia, schizotypal and delusional disorders","%","37.9"
"HRA71C03","Psychiatric In-patients (%)","2022","2022","-","Both sexes","05","Other psychoses","%",""
"HRA71C03","Psychiatric In-patients (%)","2022","2022","-","Both sexes","06","Depressive disorders","%","14.5"
"HRA71C03","Psychiatric In-patients (%)","2022","2022","-","Both sexes","07","Mania","%","7.8"
"HRA71C03","Psychiatric In-patients (%)","2022","2022","-","Both sexes","08","Neuroses","%","3.9"
"HRA71C03","Psychiatric In-patients (%)","2022","2022","-","Both sexes","09","Personality disorders","%",""
"HRA71C03","Psychiatric In-patients (%)","2022","2022","-","Both sexes","10","Personality and behavioural disorders","%","3.1"
"HRA71C03","Psychiatric In-patients (%)","2022","2022","-","Both sexes","11","Alcoholic disorders","%","3"
"HRA71C03","Psychiatric In-patients (%)","2022","2022","-","Both sexes","12","Drug dependence","%",""
"HRA71C03","Psychiatric In-patients (%)","2022","2022","-","Both sexes","13","Other drug disorders","%","1.5"
"HRA71C03","Psychiatric In-patients (%)","2022","2022","-","Both sexes","14","Mental handicap","%",""
"HRA71C03","Psychiatric In-patients (%)","2022","2022","-","Both sexes","15","Eating disorders","%","1.2"
"HRA71C03","Psychiatric In-patients (%)","2022","2022","-","Both sexes","16","Intellectual disability","%","3.3"
"HRA71C03","Psychiatric In-patients (%)","2022","2022","-","Both sexes","17","Development disorders","%","0.5"
"HRA71C03","Psychiatric In-patients (%)","2022","2022","-","Both sexes","18","Behavioural, emotional disorders of childhood and adolescence","%","0"
"HRA71C03","Psychiatric In-patients (%)","2022","2022","-","Both sexes","19","Other and unspecified","%","15.9"
"HRA71C03","Psychiatric In-patients (%)","2022","2022","-","Both sexes","20","Unspecified","%",""
"HRA71C03","Psychiatric In-patients (%)","2022","2022","-","Both sexes","21","All disorders","%","100"
"HRA71C03","Psychiatric In-patients (%)","2022","2022","1","Male","01","Organic category","%",""
"HRA71C03","Psychiatric In-patients (%)","2022","2022","1","Male","02","Organic mental disorders","%",""
"HRA71C03","Psychiatric In-patients (%)","2022","2022","1","Male","03","Schizophrenia","%",""
"HRA71C03","Psychiatric In-patients (%)","2022","2022","1","Male","04","Schizophrenia, schizotypal and delusional disorders","%",""
"HRA71C03","Psychiatric In-patients (%)","2022","2022","1","Male","05","Other psychoses","%",""
"HRA71C03","Psychiatric In-patients (%)","2022","2022","1","Male","06","Depressive disorders","%",""
"HRA71C03","Psychiatric In-patients (%)","2022","2022","1","Male","07","Mania","%",""
"HRA71C03","Psychiatric In-patients (%)","2022","2022","1","Male","08","Neuroses","%",""
"HRA71C03","Psychiatric In-patients (%)","2022","2022","1","Male","09","Personality disorders","%",""
"HRA71C03","Psychiatric In-patients (%)","2022","2022","1","Male","10","Personality and behavioural disorders","%",""
"HRA71C03","Psychiatric In-patients (%)","2022","2022","1","Male","11","Alcoholic disorders","%",""
"HRA71C03","Psychiatric In-patients (%)","2022","2022","1","Male","12","Drug dependence","%",""
"HRA71C03","Psychiatric In-patients (%)","2022","2022","1","Male","13","Other drug disorders","%",""
"HRA71C03","Psychiatric In-patients (%)","2022","2022","1","Male","14","Mental handicap","%",""
"HRA71C03","Psychiatric In-patients (%)","2022","2022","1","Male","15","Eating disorders","%",""
"HRA71C03","Psychiatric In-patients (%)","2022","2022","1","Male","16","Intellectual disability","%",""
"HRA71C03","Psychiatric In-patients (%)","2022","2022","1","Male","17","Development disorders","%",""
"HRA71C03","Psychiatric In-patients (%)","2022","2022","1","Male","18","Behavioural, emotional disorders of childhood and adolescence","%",""
"HRA71C03","Psychiatric In-patients (%)","2022","2022","1","Male","19","Other and unspecified","%",""
"HRA71C03","Psychiatric In-patients (%)","2022","2022","1","Male","20","Unspecified","%",""
"HRA71C03","Psychiatric In-patients (%)","2022","2022","1","Male","21","All disorders","%",""
"HRA71C03","Psychiatric In-patients (%)","2022","2022","2","Female","01","Organic category","%",""
"HRA71C03","Psychiatric In-patients (%)","2022","2022","2","Female","02","Organic mental disorders","%",""
"HRA71C03","Psychiatric In-patients (%)","2022","2022","2","Female","03","Schizophrenia","%",""
"HRA71C03","Psychiatric In-patients (%)","2022","2022","2","Female","04","Schizophrenia, schizotypal and delusional disorders","%",""
"HRA71C03","Psychiatric In-patients (%)","2022","2022","2","Female","05","Other psychoses","%",""
"HRA71C03","Psychiatric In-patients (%)","2022","2022","2","Female","06","Depressive disorders","%",""
"HRA71C03","Psychiatric In-patients (%)","2022","2022","2","Female","07","Mania","%",""
"HRA71C03","Psychiatric In-patients (%)","2022","2022","2","Female","08","Neuroses","%",""
"HRA71C03","Psychiatric In-patients (%)","2022","2022","2","Female","09","Personality disorders","%",""
"HRA71C03","Psychiatric In-patients (%)","2022","2022","2","Female","10","Personality and behavioural disorders","%",""
"HRA71C03","Psychiatric In-patients (%)","2022","2022","2","Female","11","Alcoholic disorders","%",""
"HRA71C03","Psychiatric In-patients (%)","2022","2022","2","Female","12","Drug dependence","%",""
"HRA71C03","Psychiatric In-patients (%)","2022","2022","2","Female","13","Other drug disorders","%",""
"HRA71C03","Psychiatric In-patients (%)","2022","2022","2","Female","14","Mental handicap","%",""
"HRA71C03","Psychiatric In-patients (%)","2022","2022","2","Female","15","Eating disorders","%",""
"HRA71C03","Psychiatric In-patients (%)","2022","2022","2","Female","16","Intellectual disability","%",""
"HRA71C03","Psychiatric In-patients (%)","2022","2022","2","Female","17","Development disorders","%",""
"HRA71C03","Psychiatric In-patients (%)","2022","2022","2","Female","18","Behavioural, emotional disorders of childhood and adolescence","%",""
"HRA71C03","Psychiatric In-patients (%)","2022","2022","2","Female","19","Other and unspecified","%",""
"HRA71C03","Psychiatric In-patients (%)","2022","2022","2","Female","20","Unspecified","%",""
"HRA71C03","Psychiatric In-patients (%)","2022","2022","2","Female","21","All disorders","%",""
"HRA71C03","Psychiatric In-patients (%)","2023","2023","-","Both sexes","01","Organic category","%",""
"HRA71C03","Psychiatric In-patients (%)","2023","2023","-","Both sexes","02","Organic mental disorders","%","8.7"
"HRA71C03","Psychiatric In-patients (%)","2023","2023","-","Both sexes","03","Schizophrenia","%",""
"HRA71C03","Psychiatric In-patients (%)","2023","2023","-","Both sexes","04","Schizophrenia, schizotypal and delusional disorders","%","36.4"
"HRA71C03","Psychiatric In-patients (%)","2023","2023","-","Both sexes","05","Other psychoses","%",""
"HRA71C03","Psychiatric In-patients (%)","2023","2023","-","Both sexes","06","Depressive disorders","%","13.5"
"HRA71C03","Psychiatric In-patients (%)","2023","2023","-","Both sexes","07","Mania","%","7.6"
"HRA71C03","Psychiatric In-patients (%)","2023","2023","-","Both sexes","08","Neuroses","%","5.5"
"HRA71C03","Psychiatric In-patients (%)","2023","2023","-","Both sexes","09","Personality disorders","%",""
"HRA71C03","Psychiatric In-patients (%)","2023","2023","-","Both sexes","10","Personality and behavioural disorders","%","3.9"
"HRA71C03","Psychiatric In-patients (%)","2023","2023","-","Both sexes","11","Alcoholic disorders","%","2.3"
"HRA71C03","Psychiatric In-patients (%)","2023","2023","-","Both sexes","12","Drug dependence","%",""
"HRA71C03","Psychiatric In-patients (%)","2023","2023","-","Both sexes","13","Other drug disorders","%","1.7"
"HRA71C03","Psychiatric In-patients (%)","2023","2023","-","Both sexes","14","Mental handicap","%",""
"HRA71C03","Psychiatric In-patients (%)","2023","2023","-","Both sexes","15","Eating disorders","%","1.6"
"HRA71C03","Psychiatric In-patients (%)","2023","2023","-","Both sexes","16","Intellectual disability","%","2.9"
"HRA71C03","Psychiatric In-patients (%)","2023","2023","-","Both sexes","17","Development disorders","%","0.5"
"HRA71C03","Psychiatric In-patients (%)","2023","2023","-","Both sexes","18","Behavioural, emotional disorders of childhood and adolescence","%","0"
"HRA71C03","Psychiatric In-patients (%)","2023","2023","-","Both sexes","19","Other and unspecified","%","15.4"
"HRA71C03","Psychiatric In-patients (%)","2023","2023","-","Both sexes","20","Unspecified","%",""
"HRA71C03","Psychiatric In-patients (%)","2023","2023","-","Both sexes","21","All disorders","%","100"
"HRA71C03","Psychiatric In-patients (%)","2023","2023","1","Male","01","Organic category","%",""
"HRA71C03","Psychiatric In-patients (%)","2023","2023","1","Male","02","Organic mental disorders","%",""
"HRA71C03","Psychiatric In-patients (%)","2023","2023","1","Male","03","Schizophrenia","%",""
"HRA71C03","Psychiatric In-patients (%)","2023","2023","1","Male","04","Schizophrenia, schizotypal and delusional disorders","%",""
"HRA71C03","Psychiatric In-patients (%)","2023","2023","1","Male","05","Other psychoses","%",""
"HRA71C03","Psychiatric In-patients (%)","2023","2023","1","Male","06","Depressive disorders","%",""
"HRA71C03","Psychiatric In-patients (%)","2023","2023","1","Male","07","Mania","%",""
"HRA71C03","Psychiatric In-patients (%)","2023","2023","1","Male","08","Neuroses","%",""
"HRA71C03","Psychiatric In-patients (%)","2023","2023","1","Male","09","Personality disorders","%",""
"HRA71C03","Psychiatric In-patients (%)","2023","2023","1","Male","10","Personality and behavioural disorders","%",""
"HRA71C03","Psychiatric In-patients (%)","2023","2023","1","Male","11","Alcoholic disorders","%",""
"HRA71C03","Psychiatric In-patients (%)","2023","2023","1","Male","12","Drug dependence","%",""
"HRA71C03","Psychiatric In-patients (%)","2023","2023","1","Male","13","Other drug disorders","%",""
"HRA71C03","Psychiatric In-patients (%)","2023","2023","1","Male","14","Mental handicap","%",""
"HRA71C03","Psychiatric In-patients (%)","2023","2023","1","Male","15","Eating disorders","%",""
"HRA71C03","Psychiatric In-patients (%)","2023","2023","1","Male","16","Intellectual disability","%",""
"HRA71C03","Psychiatric In-patients (%)","2023","2023","1","Male","17","Development disorders","%",""
"HRA71C03","Psychiatric In-patients (%)","2023","2023","1","Male","18","Behavioural, emotional disorders of childhood and adolescence","%",""
"HRA71C03","Psychiatric In-patients (%)","2023","2023","1","Male","19","Other and unspecified","%",""
"HRA71C03","Psychiatric In-patients (%)","2023","2023","1","Male","20","Unspecified","%",""
"HRA71C03","Psychiatric In-patients (%)","2023","2023","1","Male","21","All disorders","%",""
"HRA71C03","Psychiatric In-patients (%)","2023","2023","2","Female","01","Organic category","%",""
"HRA71C03","Psychiatric In-patients (%)","2023","2023","2","Female","02","Organic mental disorders","%",""
"HRA71C03","Psychiatric In-patients (%)","2023","2023","2","Female","03","Schizophrenia","%",""
"HRA71C03","Psychiatric In-patients (%)","2023","2023","2","Female","04","Schizophrenia, schizotypal and delusional disorders","%",""
"HRA71C03","Psychiatric In-patients (%)","2023","2023","2","Female","05","Other psychoses","%",""
"HRA71C03","Psychiatric In-patients (%)","2023","2023","2","Female","06","Depressive disorders","%",""
"HRA71C03","Psychiatric In-patients (%)","2023","2023","2","Female","07","Mania","%",""
"HRA71C03","Psychiatric In-patients (%)","2023","2023","2","Female","08","Neuroses","%",""
"HRA71C03","Psychiatric In-patients (%)","2023","2023","2","Female","09","Personality disorders","%",""
"HRA71C03","Psychiatric In-patients (%)","2023","2023","2","Female","10","Personality and behavioural disorders","%",""
"HRA71C03","Psychiatric In-patients (%)","2023","2023","2","Female","11","Alcoholic disorders","%",""
"HRA71C03","Psychiatric In-patients (%)","2023","2023","2","Female","12","Drug dependence","%",""
"HRA71C03","Psychiatric In-patients (%)","2023","2023","2","Female","13","Other drug disorders","%",""
"HRA71C03","Psychiatric In-patients (%)","2023","2023","2","Female","14","Mental handicap","%",""
"HRA71C03","Psychiatric In-patients (%)","2023","2023","2","Female","15","Eating disorders","%",""
"HRA71C03","Psychiatric In-patients (%)","2023","2023","2","Female","16","Intellectual disability","%",""
"HRA71C03","Psychiatric In-patients (%)","2023","2023","2","Female","17","Development disorders","%",""
"HRA71C03","Psychiatric In-patients (%)","2023","2023","2","Female","18","Behavioural, emotional disorders of childhood and adolescence","%",""
"HRA71C03","Psychiatric In-patients (%)","2023","2023","2","Female","19","Other and unspecified","%",""
"HRA71C03","Psychiatric In-patients (%)","2023","2023","2","Female","20","Unspecified","%",""
"HRA71C03","Psychiatric In-patients (%)","2023","2023","2","Female","21","All disorders","%",""
